"survey_id","customer_id","store_id","survey_date","rating","comments","follow_up_required","follow_up_date"
"AcQYS16338",1550,2,"2022-08-08",4,"Read police stay. Various effect draw.
Particular both size. Cut book break. Other everybody rather mind everybody east.",True,NULL
"afAgC85905",784,1,"2023-11-19",5,"Develop school free yet fine. Song focus audience yeah figure. Control there trip still later process task. Door land bit southern wish security try.
Whom subject radio walk while.",True,NULL
"aZEdL08254",1607,5,"2022-05-29",1,"Attack Mr could month artist onto business. Front exactly white will while.
Fact he them land. Market nature product out. Majority out six person investment left writer.",True,NULL
"bEAOA23730",1941,3,"2023-05-28",1,"Let animal billion glass model. Impact media guy girl heavy against. Ball quality stock care argue.",True,NULL
"BlzHv98875",1392,3,"2024-04-03",4,"Time around trouble. Discussion power eat debate term. Pay oil morning ago.
President quite inside plant shoulder their. Very type pressure power just production boy.",True,NULL
"BuyYX19889",354,2,"2022-06-15",4,"Hold state data Congress. General throughout seek imagine save great prevent. Occur recognize wrong it. Sure certain member pull factor song.",True,NULL
"bvqgD58627",1167,1,"2022-11-22",1,"Movement another military edge chair. Town story finally above none rock. Blue edge stay impact military.",True,NULL
"CDduD47252",793,2,"2023-09-20",2,"Consumer thank southern clear. Fund maintain year even hold.
Financial simply be choice help wait. Available base range person thank rise.",True,NULL
"CIQcA19384",347,2,"2023-01-17",1,"Cost resource do capital organization politics sing. Wind catch hold citizen capital. Attention how one court media common fill.",True,NULL
"ciTnW60435",1914,5,"2022-07-01",1,"Hear entire water family. Recently hospital away miss section during.",True,NULL
"CpGkx26779",1802,4,"2022-08-12",3,"Let wish process specific bad reason.
Your inside get else.
Step world remain approach organization chair majority. Moment that computer threat third deal series dark. Current whom foreign sure cold.",True,NULL
"dKUxM29678",662,3,"2024-04-02",1,"Air suffer large little yet open economic later. Collection trip left social.
Discover catch listen relate near yard energy for.",True,NULL
"dLjrB28573",360,2,"2022-10-08",1,"Process education owner agree he each. One sound be. Job easy near degree difference environment to. Close fill town your part recognize much.",True,NULL
"DTjbX07632",23,5,"2022-06-01",5,"Try clearly run national. Democrat particular base use project. Impact different necessary us class.
Authority visit seat seven. Time claim citizen course.",True,NULL
"DVwfz08513",155,5,"2023-01-22",2,"Himself popular talk discuss detail him available. Explain game start environmental eight top. First imagine laugh law common line.",True,NULL
"eennO26503",1492,2,"2022-07-16",3,"Step avoid age north work order. Eye window view. Especially federal power ten soldier travel.",True,NULL
"elVnZ49034",1312,2,"2024-01-26",5,"Magazine western have rock town only. Respond three middle century responsibility way.
Put public plant. White social note method. Safe call indeed treat gas most.",True,NULL
"fjYOS39983",45,5,"2023-02-08",5,"Court every put. Maintain east car person paper accept. Detail music study financial show.
Pick score during turn wish pull.",True,"2023-03-10"
"fNkgP16453",1732,5,"2023-03-15",4,"But sea me person popular surface discussion. Interesting many consider top trial power. Stay perhaps budget article kid. Figure difference then order short hear.",True,NULL
"fZiJC84981",1940,5,"2024-03-14",3,"Hair western street human partner ahead report. Today he sister structure wish.
Century though beat film character. Memory but time look organization campaign discuss.",True,NULL
"Gejjt46951",1773,4,"2022-08-19",4,"Artist school from player. School lot method according still remember run.
War still capital yes use could. Picture manage must message media. Challenge recognize throw laugh structure.",True,"2022-09-18"
"HenDf40356",1564,3,"2022-11-15",1,"Finally bag attack group. Mean feel guy second last number. Wish teach weight hundred indicate.
Wish few true total important. Seven citizen list defense.",True,NULL
"HJLUm15352",778,2,"2024-03-08",4,"Same medical deep someone open. Card office theory build across church. Interview need allow impact administration its include.",True,NULL
"HpwbB80791",447,1,"2024-01-20",1,"Also themselves word. Minute end bag. Officer new how hot show born.
Nice admit amount your owner. Free road such college baby generation leader leg.",True,"2024-02-19"
"hSNNm84686",708,3,"2023-02-07",2,"Happy place sea really know successful. Political stage raise miss along necessary.
Single rate south very PM ago world. Financial training but minute kitchen address.",True,NULL
"ineqt06788",580,5,"2023-11-19",1,"Director seek door local.
Win commercial goal college. Girl expect report kid read believe tend suffer. Kitchen manage nice coach enjoy.
Rock successful right write. Your but family town success.",True,NULL
"iszzJ38033",1697,3,"2024-03-13",2,"Method top finish huge end college every. Sell able professional these along. Sport change soldier hundred on not.",True,NULL
"IYIur27838",168,1,"2022-07-13",1,"Least last certainly store account book. Capital like hot blue get year production friend. Develop benefit these perhaps.",True,"2022-08-12"
"JTkGT40222",1659,1,"2022-05-21",5,"Reason police candidate economic morning light. Environment serve mission understand. Even have trial.
Conference face rule management into while. Especially order loss check everybody letter hour.",True,"2022-06-20"
"jXTRb60305",1907,1,"2023-04-09",2,"Option water argue. Because decade next end. Executive course theory different Congress.
The half player may. Represent ball safe. Ground Mr deep two shoulder.",True,NULL
"jzsnd61038",1749,3,"2023-12-11",2,"Continue choice sound wonder fall effort. Deep director economy spring color show. Expect health particularly positive low note throughout.",True,NULL
"kfgqM44793",1574,1,"2023-11-28",3,"Worry financial rich stuff in shoulder physical heavy. End recent indeed right cold force. Ground note sense age network same attention.",True,NULL
"KMnab00877",15,5,"2023-12-01",1,"System energy tax leg assume deep same city. Style decade pay glass safe property. President parent local matter.
High wall particular apply nearly around country. Give size stock lawyer husband.",True,"2023-12-31"
"KmYiL20831",1404,3,"2022-10-26",5,"Few young method station. Land him way past middle.
Generation daughter total must industry. Production possible nearly recent art center.",True,NULL
"KtruU47991",1711,1,"2023-08-16",3,"Skill friend live station wear. Floor growth run finally a enter.
Particular true whatever purpose really avoid thus might. Activity back central low very if market.",True,NULL
"kTwLt89780",1010,4,"2023-10-30",1,"Pick above instead when Democrat leave building. Sea eye drive three safe. Price market national listen. There his director.",True,NULL
"LbFqt31949",32,5,"2023-01-09",5,"Beat court although turn. Lay up close year. Me true sell work try.
Himself believe learn among true may. Morning it discuss successful newspaper chance. Before law decide recent.",True,"2023-02-08"
"lGytB23329",440,3,"2023-11-25",3,"Any success responsibility friend result one. Improve whom program town nature public. Sing note maintain before fire where teach.",True,NULL
"LoreM56591",72,3,"2022-09-12",3,"Fund race be attention. Off far officer family city father her. Speak career near number bank return very study.
Speech series physical thus yard hold generation. Risk mission law write.",True,NULL
"MbJRG20198",1883,2,"2023-08-10",5,"Special phone build remain wide open. Pay final skill woman actually develop accept program.
Late option edge hard hospital box. Parent century star require recognize attack he.",True,NULL
"MEanr01454",264,2,"2023-08-12",4,"Seat cause goal bring discussion possible college. Least ground once plan happen year believe.
Eight sit space.
Safe give drop once heavy others. Couple of approach should.",True,NULL
"mMJdP75477",1393,3,"2024-01-02",5,"Push hope president understand late. Hospital ok lay none sea those art.
Lose open book. Bag stand design mission policy threat forward. Test career indicate letter tree science wind.",True,NULL
"mQAmC30598",603,3,"2023-08-30",2,"Participant listen major machine six wish yet successful. Land probably nation. Difference land particular second institution model piece. All direction our evidence support.",True,NULL
"mQyWw22370",1725,3,"2023-03-16",5,"New study environmental. Maintain home husband best election you later collection.",True,NULL
"nkxin21708",121,3,"2023-02-04",3,"Scientist article share charge its at now. Pm consumer special work whose.
Generation southern leave scene they however.",True,NULL
"nwoEl53683",1063,5,"2023-01-10",5,"Any everyone matter could job many. Order those sense owner hand south. Single yard who.
Star beyond international if.",True,NULL
"oPZof38033",1758,3,"2022-06-06",3,"Rather million beautiful few full relate. Hope improve laugh star own. Before need build set assume admit while.",True,NULL
"OZdiY13395",1749,5,"2022-05-02",4,"Become body friend parent simple general. Long American one. Pick above girl Mrs economic laugh to join.
Door others light health. West where together truth buy customer. Individual different firm.",True,NULL
"pfBmb86503",258,1,"2023-05-09",1,"Professor character soon wish tough. Pay approach pay treat yourself order idea.
Perhaps against system son indeed. Doctor choice drive. Adult mention miss avoid piece report beat series.",True,NULL
"pwfbQ79934",1241,1,"2023-07-22",1,"Article from I expert. Mind director wonder book us model. Modern professional expect dinner.
Military character road reveal clearly.",True,"2023-08-21"
"QJBiH21468",540,1,"2022-06-30",4,"Discuss various professional guess bar no student argue. Color power major. All interesting lawyer concern. Suffer movie social dream.",True,NULL
"QKCZB69196",1066,1,"2024-02-26",2,"Professor case member in friend. Majority spend national central audience must. Teacher among realize second point.
Budget be sign what become better someone.",True,NULL
"qrCth99461",932,2,"2023-12-12",4,"Animal them military lead fund. Small model remain. Inside last save mind pull strong analysis.
Unit beautiful design military. Easy agency professional focus society cut film.",True,NULL
"qXpQp77385",940,3,"2022-08-16",5,"Rock sound one black. Sense often method middle. Perhaps school shoulder lose.
Newspaper prove majority energy keep table. Bring difficult billion look form.",True,NULL
"Qzxaz66906",1441,5,"2023-02-28",1,"Rate the southern. To big institution she option stuff.
Season interesting knowledge change part event. Republican easy new sound people. Black too cost table statement leave.",True,NULL
"rDnBn96870",1407,1,"2022-08-23",1,"Race free bad their not after free. Mention serious job you notice including. White fire claim realize sing look.",True,"2022-09-22"
"ryCtu92115",1730,4,"2022-08-11",5,"Light keep if organization step. Blue certain attention next stage. Nice character expect real three else.
Level through thus population. Bed drive my.",True,NULL
"RyhoK95562",1244,4,"2024-02-18",4,"Actually care what think. Through what water four health tree able.
Trouble few town order weight service establish. Him husband pressure ask.",True,NULL
"sMZTG34572",49,5,"2022-09-11",4,"Wind their some edge. Score accept carry effort. Check hit finally organization against cell fine benefit.",True,"2022-10-11"
"sNgbN42651",399,2,"2022-06-19",2,"Light who impact community customer. Candidate nothing specific film off term. Material follow player minute.
Difficult worry blue trip employee candidate song.",True,NULL
"sOMvo35746",1313,3,"2023-12-07",1,"Between ready discover much especially. Shake heavy peace tough.
Know as other happen ask result. Quality special design seat really skin may. Knowledge water cell sport star focus.",True,NULL
"tBDft66412",938,5,"2023-06-19",1,"Scientist mouth certain admit direction. Sense pattern arrive Mr third strong. Meeting right or short wind care soon.",True,"2023-07-19"
"tcYKr63019",1020,3,"2023-09-21",3,"Need have house east including despite act interest. Out I method with not. Realize couple magazine member. Take crime me thought total cup go.",True,NULL
"tDoBg67982",1948,1,"2024-04-10",5,"Interesting force unit drive fish politics determine. Save whether seat stand visit. Customer table rate then mention.",True,NULL
"TMVni45214",1499,2,"2023-04-19",3,"Interest campaign sell set government. Still act special pull politics management knowledge. Century article theory set. Both region picture leg necessary ahead resource.",True,NULL
"TzhTm35829",163,2,"2022-07-03",5,"Before determine back prepare. Moment true final face we recognize. Professor detail citizen enter like.
Example half give student.",True,NULL
"tzSaX06680",850,5,"2022-12-01",3,"National information customer skill major it. Business billion control rather raise left outside.
Ever large course possible data three. We bank reveal different former understand recognize provide.",True,NULL
"UAhbF30247",1334,2,"2022-09-04",2,"Light six reality former.
Then break interview kid son save question. Individual food people white example because edge. Consumer nature talk trial finally card. Voice couple concern.",True,NULL
"UIRGA19792",1471,4,"2022-09-10",5,"Goal growth population throw. Long beat population house cut out.
Mr relationship fall tend share send. Store moment in red.
They campaign feel effort. Thus property just ground class section theory.",True,"2022-10-10"
"UNELC97677",1027,1,"2022-04-26",1,"Writer owner every. Stock article ago president.
Defense food another stay region work skill draw.
War know site picture in or window. Woman protect lawyer president lot cause recent.",True,NULL
"upyPh05628",1771,5,"2023-12-01",3,"What hour show my recent study. Same run everyone senior during game.
Into defense bank practice life. Respond law firm everybody message attorney. Modern economy various goal land.",True,NULL
"uRZIL36142",1026,1,"2023-09-16",1,"Employee throw public including thing produce when sister. Authority whom chance writer country chair tax side.",True,NULL
"uWNSw69048",1700,2,"2022-10-11",4,"Rock tell over use mind provide. Mission question would true put believe although strong.",True,NULL
"UYioy61923",1403,1,"2023-01-19",3,"Fight religious crime. Actually soldier end argue pick natural. Interview positive building nothing expert take pretty.",True,NULL
"vJtgK92309",348,5,"2023-12-25",1,"Notice form trip trade. Hotel compare total including thought similar.
Range loss face movement.
Prove many get can. Middle four entire official key night successful.",True,NULL
"VkxZm99902",784,4,"2023-07-07",2,"Difference pretty today worry difference example. Federal final purpose space call. Deep service strong nor especially hold. Describe guess spend purpose natural.",True,"2023-08-06"
"vLVgs33182",1069,4,"2023-07-11",5,"Price agree would level. Face wish want many law real ten.
Adult loss condition. Out tell stage very suddenly method.",True,"2023-08-10"
"vucdU52396",675,1,"2022-10-03",3,"Time fall night could. Indicate relate direction action. Occur indeed fear.
Person local throw issue argue learn and.
Glass sell decision space. Consider hundred choose city economy here party.",True,NULL
"vuJuy80571",962,1,"2024-02-23",2,"Knowledge measure would purpose fly nation computer easy. Itself military range collection. Little everything our red she. Wait who notice east among sport.",True,NULL
"VXImx88590",1922,4,"2023-11-08",2,"Team realize example quality loss effort. Small suffer back law alone event trial glass. Nearly responsibility four give.",True,NULL
"wbIPH75604",1882,3,"2022-12-12",1,"Play audience approach my building. Read these pattern high according body exactly.
Instead traditional recent another. Father must board from rock. Half hope article truth interest history.",True,"2023-01-11"
"WJBBa66853",1002,1,"2024-03-18",4,"Hospital than there on. You answer prepare surface where. Century chair identify tell.
College situation party seek do indeed change daughter. Make himself course himself sing.",True,NULL
"wkgdK88443",109,5,"2023-09-13",4,"Research consider kitchen. Light range subject item exist if on. Probably husband not easy then now.
Officer thank network occur. Time consumer white and black street world he.",True,NULL
"wlZkx62340",1487,3,"2022-05-01",1,"Guess spend newspaper there item on. Speech able number popular low through. Thus road low.
Level effort two. You area game fly first skin participant provide.
Far hand would include.",True,NULL
"WWpAs27164",1676,4,"2023-12-04",4,"Time hot character job mean term range picture. Meet interesting put price miss until despite every.
Beautiful student when into pick size. Yeah tell plant.",True,NULL
"WXjtw49392",1128,5,"2022-09-13",4,"Quickly box wear avoid. Opportunity deep into center accept contain. Republican more director kind attack almost.",True,NULL
"XadgU34685",1130,4,"2022-06-17",4,"Man shake business grow student final standard. Set eight fast all. Movement successful line gas.
Start nothing indeed amount report full pay would.",True,NULL
"xcsgI01143",1330,2,"2022-10-18",2,"South standard outside avoid language west sister. Scene feeling not company.
Character gun nothing hard news share. Through follow million court. Her western maintain unit.",True,NULL
"XDkJS39328",266,4,"2023-10-26",2,"According tax standard relationship production whatever. Writer idea thousand business heart modern agent.",True,"2023-11-25"
"xXGHL38813",565,4,"2022-09-22",3,"Onto pay however. Push along officer sign. See end career. Bank nature imagine.
Decade expect must language every guess. Share then single stuff fact.",True,"2022-10-22"
"xyIKv09439",1236,2,"2022-07-31",1,"Own her trial former stay customer share make. Concern human heavy part ever all step. Bag feeling future whom.
Election people from full career. Woman federal allow real chair.",True,NULL
"yASOo45400",639,2,"2022-07-22",3,"Different four air hundred Mrs and painting. Congress suggest nearly other.
Official condition event myself. Night allow end growth during better eight.",True,"2022-08-21"
"YHjid29875",365,2,"2022-06-08",4,"Question improve collection technology indeed. Number myself clear. Ever better their parent serious movie.
Performance throughout last good difference which air. Group minute late cost.",True,NULL
"YIgcU76143",778,1,"2022-06-16",5,"Anything imagine late. Oil for task stuff garden. Laugh rate something Republican law art physical.",True,NULL
"YIken94433",1189,1,"2024-03-24",4,"Put drug start test yard. Energy mouth network Republican detail culture project. Stage especially finally environment design coach. Company fly own teach election.",True,NULL
"zEWVe87006",1027,5,"2023-01-30",2,"Claim raise build boy suggest authority.
Few moment east under safe usually. True listen create foreign church particular.
Continue somebody appear check lay.
Government later success.",True,"2023-03-01"
"ZJLlz99766",1354,1,"2023-01-02",4,"Tend bag step person. Federal sport community though.
Can nature one marriage sound include allow company. Since may stuff school.
Figure fear trip rule half action travel.",True,"2023-02-01"
"zNoEj79742",1494,2,"2023-01-27",1,"Require various offer difference already. Shake think support course be story. Feel food compare chance he.
Respond month threat realize easy. Alone concern improve visit.",True,NULL
"ZnXXt08230",1204,3,"2023-10-30",1,"Treat green gas particular source teacher strategy news.
Travel sea consider late try prepare meeting. Reveal what able future international population. Court yet quickly southern maintain ok.",True,NULL
"zVrzN16843",1152,1,"2022-09-16",3,"Live health let sea make body consider. Federal heavy let respond trade director.",True,"2022-10-16"
