"employee_id","employee_name","store_id","title","email","phone","address","entry_time","shifts","time_off","evaluation"
"1    ","Sean, Mr.",5,"Manager","mr..sean@abcfoodmart.com","8091149416","48043 Sarah Cliffs
South Stacyhaven, PA 48345","2023-03-23","Remote","2021-01-08 07:30:27.657106","About possible every must understand between. Statement activity every."
"10   ","Hull, Shane",5,"Stock Clerk","shane.hull@abcfoodmart.com","2167097334","70032 Stephen Terrace Suite 934
Brookemouth, ND 13149","2021-05-16","Afternoon","2020-05-02 05:51:01.036729","Financial no list magazine appear. Mind he magazine carry room. History here family discussion cold have professor."
"100  ","Hayes, Brandon",1,"Stock Clerk","brandon.hayes@abcfoodmart.com","9348898290","624 Tran Turnpike Suite 079
East Elizabethfurt, PA 58544","2021-07-30","Night","2021-06-28 11:16:34.969093","Financial upon responsibility push. Determine wear democratic seem economic coach."
"11   ","Wells, Monica",3,"Cashier","monica.wells@abcfoodmart.com","8189283828","12414 Wendy Islands
North Jenniferchester, NC 50277","2021-02-22","Afternoon","2022-06-28 09:37:41.105533","Just line your during. Become national accept nation. Agree attorney organization."
"12   ","Carroll, Eric",3,"Manager","eric.carroll@abcfoodmart.com","1930896794","2386 Emma Drive Apt. 822
Jenniferville, PW 34400","2020-04-24","Afternoon","2023-06-11 19:24:35.276019","Call outside city ok hot. Pressure mission beyond do between central."
"13   ","White, Kenneth",5,"Stock Clerk","kenneth.white@abcfoodmart.com","4371412767","0979 Darren Tunnel
Jenniferberg, NJ 96357","2019-07-05","Flexible","2024-04-02 16:59:46.916311","General billion popular also similar family. Each throughout effect low movement none reach set. Truth thousand floor world parent tax."
"14   ","Werner, Kara",5,"Sales Associate","kara.werner@abcfoodmart.com","1015427392","5919 Mason Track Apt. 913
Rachelmouth, MA 76393","2022-12-23","Flexible","2021-01-13 08:37:00.808001","Music matter three five account. Star cold he system. Anyone fall oil. But commercial north model serve away list arm."
"15   ","Tate, Harry",4,"Cashier","harry.tate@abcfoodmart.com","3223755372","USNV Ward
FPO AE 55384","2021-03-20","Afternoon","2021-01-09 16:54:29.720306","Environment over individual apply like. Detail visit best successful Congress."
"16   ","Sosa, David",2,"Stock Clerk","david.sosa@abcfoodmart.com","6328493373","995 Russell Keys Apt. 468
West Meganberg, NV 14586","2020-04-18","Remote","2022-11-04 20:28:40.723773","Most particularly affect clearly kitchen yourself reveal. A cell less rock far Democrat why sport. Under run memory national toward car."
"17   ","Chen, Kathleen",2,"Sales Associate","kathleen.chen@abcfoodmart.com","1060427454","014 Carolyn Ways Suite 811
Christinatown, CT 45492","2023-12-13","Night","2023-06-09 14:41:13.036956","Increase end attack."
"18   ","Foster, Kenneth",5,"Sales Associate","kenneth.foster@abcfoodmart.com","6471259388","71347 Raven Pine Apt. 076
West Michelleview, VA 60390","2019-09-05","Afternoon","2020-03-16 09:46:37.308781","Cell attention instead short hand list stop. Fish bed point purpose enjoy data."
"19   ","Manning, Maria",1,"Stock Clerk","maria.manning@abcfoodmart.com","5647398775","54571 Juan Mountains
Richardview, ND 46375","2020-01-15","Remote","2020-02-17 02:42:19.650288","Tough behind cold. Wife test fill soldier tough."
"2    ","Foster, Jennifer",1,"Cashier","jennifer.foster@abcfoodmart.com","7526406863","860 Tammy Port
Jennifermouth, NC 67464","2023-05-30","Remote","2022-03-14 10:38:03.766903","Unit listen program baby great. Could technology hotel note. Many into child tend style question dark."
"20   ","Martin, Monica",1,"Sales Associate","monica.martin@abcfoodmart.com","3855199790","09032 William Isle Suite 877
Nancymouth, KY 71116","2021-03-23","Remote","2022-12-06 08:42:42.086076","Chair beautiful information surface degree commercial entire. Health note break. Spring enough even."
"21   ","Hernandez, Michael",4,"Sales Associate","michael.hernandez@abcfoodmart.com","4606959476","301 Butler Rapids
South Michealfurt, WV 54317","2022-01-24","Remote","2021-12-08 03:47:41.906253","Simply tax have close."
"22   ","Glover, Michelle",3,"Sales Associate","michelle.glover@abcfoodmart.com","456621682 ","823 Melissa Prairie
Charlesview, NY 51694","2022-05-11","Flexible","2022-05-11 19:35:09.059932","Study necessary realize loss month. Whether later yes speak next improve. Chance food analysis."
"23   ","Colon, Lindsey",3,"Manager","lindsey.colon@abcfoodmart.com","4743974373","85777 Troy Inlet
Feliciamouth, WA 17235","2023-03-30","Morning","2023-02-06 16:01:50.369441","Purpose whole agent especially protect administration condition. They wait need job hope power set."
"24   ","Randolph, Emily",3,"Manager","emily.randolph@abcfoodmart.com","3878579128","6779 Davis Village Suite 666
Brentburgh, OK 51295","2023-03-21","Night","2022-06-12 15:32:02.34171","Especially become culture amount maybe bill. Ever standard can these relate hope. Region knowledge condition mission future. Community key ahead role condition order as."
"25   ","Jones, Christopher",4,"Stock Clerk","christopher.jones@abcfoodmart.com","8836586382","7988 Hayes Falls Apt. 215
New Amberville, NJ 35882","2023-08-21","Flexible","2020-01-29 11:42:59.196302","Realize poor out nice what star. Really final increase already clearly growth. Difference provide forward."
"26   ","Harrell, Angie",5,"Cashier","angie.harrell@abcfoodmart.com","2329271376","9309 Mcdonald Throughway
West Crystalview, SD 62014","2022-10-28","Remote","2021-06-24 16:25:47.910969","Note relationship southern natural evidence enter. Forget yes first policy follow describe."
"27   ","Chambers, Jeffrey",2,"Cashier","jeffrey.chambers@abcfoodmart.com","9793549607","091 William Tunnel
East Tinachester, NE 17838","2024-01-12","Remote","2020-04-30 21:37:26.112813","Power four get work. Alone certain up offer present. Coach no what certain each."
"28   ","Nichols, Mitchell",5,"Sales Associate","mitchell.nichols@abcfoodmart.com","9245814721","45728 Allison Corner
New Justin, PW 19269","2022-08-04","Afternoon","2022-12-14 05:38:06.940904","Consider rather laugh must those plan. Several audience head hand."
"29   ","Jacobs, Brenda",2,"Stock Clerk","brenda.jacobs@abcfoodmart.com","8686040583","926 Christy Crossroad
West Kelly, WV 64560","2019-10-22","Flexible","2020-11-21 05:05:57.042452","Issue prepare early process particular design rich physical. Goal film memory hold. Where want wide sister new body lead current. Former air myself purpose."
"3    ","Shah, Amanda",1,"Manager","amanda.shah@abcfoodmart.com","9933601210","PSC 4303, Box 1889
APO AA 55587","2020-10-20","Morning","2023-09-05 19:23:57.635417","Require mouth everything entire every discussion. Member with fact policy happen inside."
"30   ","Mckenzie, William",4,"Stock Clerk","william.mckenzie@abcfoodmart.com","8896026892","11396 Bishop Wall Apt. 663
Port Nicoleton, WA 29484","2022-12-11","Night","2020-04-24 07:33:40.483673","Note join season accept radio material. Myself hold skin exactly. Form control full education treat time piece property."
"31   ","Jones, Evelyn",2,"Stock Clerk","evelyn.jones@abcfoodmart.com","9432427195","796 Hicks Ridge
Hillport, MS 63025","2019-11-26","Night","2020-02-17 19:13:03.380851","Final news term join soldier image. Media party meeting partner. Common whose citizen oil officer almost as."
"32   ","Love, Thomas",1,"Stock Clerk","thomas.love@abcfoodmart.com","9825688302","97344 Jeffrey Ridge Suite 194
Port Emily, IN 84669","2023-01-17","Remote","2021-05-19 19:42:55.033181","Fly she find financial page firm present. Job sea try often. Evening pick such first cut song."
"33   ","Smith, Diana",4,"Manager","diana.smith@abcfoodmart.com","6572397963","7437 Davis Key
New Amber, IA 76477","2023-08-29","Morning","2020-02-16 05:19:59.677366","Happen arm image place compare talk."
"34   ","Durham, Denise",1,"Manager","denise.durham@abcfoodmart.com","1085614402","752 Gentry Radial
Shawnstad, RI 45578","2021-06-14","Remote","2023-05-29 19:33:38.004243","Reality attack let official final. Religious involve room music mention positive million. Small perform perhaps talk they."
"35   ","Galvan, Lori",2,"Stock Clerk","lori.galvan@abcfoodmart.com","6616004312","03978 Kyle Trail
Alecland, NM 48480","2023-07-10","Afternoon","2022-04-14 20:43:14.181533","Especially simply partner appear Democrat response. Modern visit note go service author."
"36   ","Mckinney, Marcus",1,"Cashier","marcus.mckinney@abcfoodmart.com","9697912543","611 Ortiz Isle Suite 038
Wangland, NV 95367","2021-06-12","Morning","2020-09-21 00:14:29.972641","Job change yourself perform people half building change. Over particular way. Enter central agent together game."
"37   ","Church, Joshua",1,"Sales Associate","joshua.church@abcfoodmart.com","8637504876","2353 Roy Parkways Apt. 861
West Shane, IL 96971","2020-11-03","Afternoon","2020-11-29 22:17:16.472383","Hear claim hair exactly stuff agreement pressure."
"38   ","Woods, Marcus",3,"Sales Associate","marcus.woods@abcfoodmart.com","7779568684","USS Marsh
FPO AA 19250","2023-11-08","Night","2023-08-08 13:16:20.622031","Find real important. Easy reason little into any most with. Region letter notice old. Chance pick under administration car door."
"39   ","Kramer, Veronica",4,"Cashier","veronica.kramer@abcfoodmart.com","3220339292","8317 Mitchell Prairie
Port Benjaminberg, NV 03433","2022-11-09","Remote","2024-01-10 02:02:23.250668","Method part easy step degree building purpose. Teacher result there program watch sister."
"4    ","Garcia, Sarah",2,"Stock Clerk","sarah.garcia@abcfoodmart.com","7963512948","92667 Glenn Ranch Suite 278
West Henryton, WY 02248","2021-09-10","Morning","2020-11-11 13:36:57.816015","Mr call still. Sometimes then reveal final walk throw score. During anyone offer offer land direction performance."
"40   ","Terri, Mrs.",4,"Sales Associate","mrs..terri@abcfoodmart.com","9541620017","453 Alexis Flats Suite 885
Melissaport, AS 88226","2021-04-28","Morning","2023-09-13 23:36:16.838285","Long general fly indeed. Very drive record tough oil."
"41   ","Eric, Mr.",2,"Cashier","mr..eric@abcfoodmart.com","6787526836","129 Eric Mount
Port Alberttown, IL 09798","2021-11-21","Night","2021-12-29 21:21:05.535325","Film by check allow physical performance. Economy school accept kid."
"42   ","Spears, Erin",4,"Sales Associate","erin.spears@abcfoodmart.com","249132452 ","7715 Gabrielle Mews Suite 561
Tracyville, VI 83038","2022-11-14","Night","2020-02-20 08:10:01.975653","Relate could lay from eat research. Along everybody glass base board between drop."
"43   ","Pena, Johnathan",3,"Stock Clerk","johnathan.pena@abcfoodmart.com","6192802448","8258 Emily Court
North James, IL 04275","2020-02-10","Remote","2021-06-25 23:11:26.089775","Fast girl may ability wait. Toward seem allow process in which less community."
"44   ","Davis, Jennifer",1,"Manager","jennifer.davis@abcfoodmart.com","2888441202","05580 Cindy Street Apt. 763
East Allison, PR 12042","2019-08-25","Afternoon","2020-06-27 13:27:39.373821","Listen foot citizen it decade college. Left word song sit."
"45   ","Warren, Timothy",2,"Stock Clerk","timothy.warren@abcfoodmart.com","6053012832","5602 Cassandra Fork Apt. 304
South Laurenburgh, VI 41632","2019-06-12","Morning","2022-12-18 19:49:01.502502","Operation kind study contain. Cause vote newspaper seven mission. Commercial discover class population. City camera recent control city."
"46   ","Gonzalez, Michele",5,"Manager","michele.gonzalez@abcfoodmart.com","5593857614","8280 Calvin Mountains Apt. 412
Brianview, NH 23613","2019-10-23","Remote","2022-07-14 01:29:27.204183","Owner begin health so try hand manage. Fact however size realize."
"47   ","Perry, Andrea",3,"Stock Clerk","andrea.perry@abcfoodmart.com","6616695065","750 Peters Mountains
Williamsburgh, PW 51873","2019-12-10","Remote","2022-08-18 23:39:57.118598","These sometimes including red third add. Pass me serve which. Indeed party decision argue gas."
"48   ","Marquez, Jeffrey",2,"Cashier","jeffrey.marquez@abcfoodmart.com","4394889350","0251 Nicholas Spring
Melissaland, VI 08042","2023-02-07","Morning","2020-11-19 14:20:17.811984","Friend may course class. No range loss buy. Baby me half new of example."
"49   ","Nguyen, Richard",2,"Manager","richard.nguyen@abcfoodmart.com","3863976769","227 Garcia Circles
New Brian, IL 63787","2023-05-18","Flexible","2023-12-19 06:05:56.035944","Physical wind yourself care. Recently method apply section environmental. Doctor year find religious."
"5    ","Riley, Ashley",1,"Cashier","ashley.riley@abcfoodmart.com","765380503 ","699 Archer Mountain Suite 956
Gilmorefurt, PW 12619","2020-09-03","Morning","2020-06-12 04:15:10.084776","Table responsibility goal effect old hope position. Case necessary other movement fast they news. Security staff baby kid open."
"50   ","Torres, Steven",4,"Sales Associate","steven.torres@abcfoodmart.com","4264145862","98593 Floyd Camp Apt. 219
Sanchezfort, GU 75847","2019-11-14","Remote","2020-08-13 21:43:25.524054","Seven management be site should itself speech wind."
"51   ","Walls, Kristen",2,"Stock Clerk","kristen.walls@abcfoodmart.com","7381729033","808 Mora Forks
Margaretport, MO 74050","2023-03-27","Remote","2021-06-01 04:29:16.23223","Act father sit model hotel. More type price however."
"52   ","Brown, Lisa",1,"Sales Associate","lisa.brown@abcfoodmart.com","9991674563","293 Lucas Motorway
Port Jasmine, AK 77459","2019-06-01","Flexible","2020-09-01 22:02:20.416615","Explain around animal art people end. Him establish stage board interest plan. Center involve mean benefit country art."
"53   ","Nichols, Brandon",5,"Stock Clerk","brandon.nichols@abcfoodmart.com","6980835460","Unit 5898 Box 7282
DPO AP 90375","2020-01-20","Flexible","2021-10-22 02:06:40.823455","Leg floor bad put parent suggest health. Mr same candidate follow somebody floor. Series fact we hold beyond season. Consider simple body walk."
"54   ","Bryan, Mr.",5,"Cashier","mr..bryan@abcfoodmart.com","9429204911","367 Karen Mills Suite 536
Whitneyshire, DE 59366","2022-10-12","Morning","2023-04-11 14:06:39.89141","During group PM development special tonight. Center ask smile cell age."
"55   ","Moon, James",5,"Sales Associate","james.moon@abcfoodmart.com","2772032364","33350 Graves Points
Desireeland, OR 40286","2019-06-21","Night","2021-10-02 21:02:13.245398","Force save woman gas at. Physical collection quickly hard. Goal scientist huge beyond."
"56   ","Thompson, Andrea",3,"Stock Clerk","andrea.thompson@abcfoodmart.com","1712150993","0878 Wong Lodge Suite 997
West William, VT 28481","2022-06-05","Afternoon","2020-10-13 09:48:13.924953","Adult turn relate. Note through election southern that. Arm message agree record. Their and receive voice responsibility."
"57   ","Bennett, Alec",5,"Cashier","alec.bennett@abcfoodmart.com","400788190 ","5171 Mason Bridge Suite 051
West Peggy, MI 85069","2020-03-12","Flexible","2023-04-19 11:17:02.246444","Above sport sport thank. Recent project do course walk ask. Deal we impact power major."
"58   ","Herrera, Spencer",2,"Stock Clerk","spencer.herrera@abcfoodmart.com","544546024 ","94565 Carla Road Suite 267
Dixonberg, SD 82499","2023-04-28","Flexible","2021-12-23 19:41:45.20876","Trade social suddenly response to. Traditional anyone budget physical push film street."
"59   ","Rogers, Mark",4,"Cashier","mark.rogers@abcfoodmart.com","3463555075","82790 Sullivan Common Apt. 848
North Lori, MO 18873","2020-12-22","Remote","2022-11-18 19:48:57.349883","Same put mouth. Language against economy that."
"6    ","Campbell, Brittany",2,"Stock Clerk","brittany.campbell@abcfoodmart.com","6340919275","14454 Stewart Lake Apt. 483
East Maryview, PW 65737","2023-01-03","Morning","2022-11-21 00:51:34.300041","Step huge argue determine ask require best. Lead claim lot consider stock together help fast. Down series worry rate."
"60   ","Brooks, Renee",2,"Cashier","renee.brooks@abcfoodmart.com","6890779864","Unit 1279 Box 2207
DPO AA 18511","2024-01-12","Afternoon","2022-06-18 11:23:01.809086","While improve when even later miss event seem. Least bank community agree soldier at."
"61   ","Roach, Christine",5,"Stock Clerk","christine.roach@abcfoodmart.com","4601273391","1958 Katherine Rapids Suite 804
South Kimberlymouth, IN 05374","2020-10-11","Morning","2023-01-30 09:50:50.035735","Number conference reason paper before. Particularly direction job sort another development factor research. Enter away describe know give."
"62   ","Wilson, Jill",1,"Stock Clerk","jill.wilson@abcfoodmart.com","6298370188","PSC 5120, Box 6274
APO AE 13002","2023-07-30","Afternoon","2020-12-11 04:18:39.764686","School pay commercial tend individual. Poor gas eye American. Community actually drive have. But hard drop day institution different line."
"63   ","Johnson, Samantha",2,"Manager","samantha.johnson@abcfoodmart.com","140004386 ","63173 Samantha Flats Suite 875
North Douglas, OK 36055","2023-09-03","Morning","2021-09-19 19:29:57.016958","Chair job bank prevent. Force trade choose yet own defense."
"64   ","Day, Natasha",4,"Sales Associate","natasha.day@abcfoodmart.com","6309192659","8447 Reed Field Apt. 750
Johnsonport, PW 57319","2021-01-08","Night","2023-07-23 18:18:06.088751","Unit summer carry able. Rule or future huge. Hospital or reach standard officer. Administration wall reason will same writer."
"65   ","Waters, Julie",1,"Sales Associate","julie.waters@abcfoodmart.com","767397434 ","USNV Foster
FPO AA 29157","2020-09-20","Afternoon","2024-01-18 22:44:24.903326","Store shake protect through prove. Memory best break for future meet direction."
"66   ","Meyer, James",4,"Cashier","james.meyer@abcfoodmart.com","5603176813","904 Alyssa Mews Suite 745
Jonesbury, KY 79095","2020-08-10","Remote","2021-11-13 16:51:56.031535","Task table human form begin less. They everyone usually meeting. Certainly history old while."
"67   ","Henderson, Nancy",3,"Sales Associate","nancy.henderson@abcfoodmart.com","8219265730","038 Jarvis Loop Apt. 107
West Lisa, MO 38049","2021-10-07","Morning","2021-03-15 04:30:46.049519","Remain however one computer improve activity. Outside hard four."
"68   ","Conrad, Frederick",2,"Sales Associate","frederick.conrad@abcfoodmart.com","9548173458","0254 Ryan Route Suite 558
Carolfort, OR 51479","2019-12-26","Afternoon","2020-01-01 06:06:44.457939","Down inside west challenge benefit call. Ahead lawyer present idea different sit matter."
"69   ","Dodson, Courtney",5,"Sales Associate","courtney.dodson@abcfoodmart.com","4526309752","54716 Bowman Mountain
East Joseph, MN 42150","2023-10-12","Remote","2022-04-21 13:03:00.831106","May word set no at watch."
"7    ","Burns, Kendra",2,"Sales Associate","kendra.burns@abcfoodmart.com","5745525021","5446 Santiago Passage Suite 034
Leeberg, AR 44100","2020-07-09","Morning","2020-11-25 21:47:17.029327","Black happy yes enjoy general. Resource traditional human light day ever child. Meet later see simple on remain."
"70   ","Atkinson, Gary",1,"Stock Clerk","gary.atkinson@abcfoodmart.com","8422690979","7647 Bell Port
South Rachael, DE 91405","2020-03-26","Afternoon","2022-07-14 13:41:11.218934","Forward sister open health difficult candidate close our. Ever lot bank hospital take rich."
"71   ","Blanchard, Ricky",4,"Stock Clerk","ricky.blanchard@abcfoodmart.com","5547318041","94786 Fitzpatrick Creek Suite 696
Amberberg, IN 34075","2019-12-19","Afternoon","2022-03-21 01:48:46.600905","Lay TV light up adult total. Any friend event role religious. Speak dream pull bit fact four today."
"72   ","Wood, Joshua",3,"Cashier","joshua.wood@abcfoodmart.com","4929861086","92058 Ward Knolls Suite 597
Mendozaview, AK 87422","2019-08-16","Flexible","2022-06-23 12:26:48.682894","High road audience answer. Clear future will else leg. Purpose wonder determine majority them quickly."
"73   ","Gardner, Laura",3,"Cashier","laura.gardner@abcfoodmart.com","307963026 ","8208 Henry Springs
North Cassandra, PA 89317","2019-06-30","Night","2021-03-02 08:46:26.153992","Successful responsibility key. Writer a team my all ground reduce. Experience become best standard call home."
"74   ","Jessica, Ms.",5,"Sales Associate","ms..jessica@abcfoodmart.com","5834372361","7402 Ochoa Fields Suite 737
North Christopher, NC 59972","2022-11-28","Night","2022-12-02 04:51:19.598557","Seek development gas government leave. Late commercial your enough field site."
"75   ","Jackson, Michael",2,"Manager","michael.jackson@abcfoodmart.com","5400909272","206 Hayes Street
East Wayne, HI 91284","2023-01-04","Morning","2022-09-30 03:23:21.403199","Talk power guy scene. Agreement agency especially sign early item."
"76   ","Hughes, Christopher",5,"Sales Associate","christopher.hughes@abcfoodmart.com","1284727082","64111 Anderson Glen
Spencerville, ND 61530","2020-06-11","Remote","2022-04-21 00:58:01.128772","Score main letter. Such hit allow develop ability person. Walk bill which clear perhaps far choice."
"77   ","Bradley, Rita",1,"Cashier","rita.bradley@abcfoodmart.com","4246065868","915 Andrea Club
South Judy, WA 74298","2024-02-16","Remote","2021-07-22 19:39:50.599916","Sort poor stop good your wear painting. Article ability threat administration pull health way."
"78   ","Horton, Ashley",3,"Manager","ashley.horton@abcfoodmart.com","355484943 ","Unit 5679 Box 5191
DPO AE 52862","2023-10-09","Morning","2021-04-09 07:45:45.101474","Stock education see by. None ago investment voice exist."
"79   ","Alvarez, Brenda",2,"Cashier","brenda.alvarez@abcfoodmart.com","6752836840","09630 Justin Forest Suite 877
Matthewside, IN 04034","2023-07-30","Remote","2023-10-10 04:39:44.080562","Least hope let. Yet animal very boy impact."
"8    ","Ellis, Lauren",4,"Manager","lauren.ellis@abcfoodmart.com","2061500798","809 Jessica Stravenue
South Crystalville, SD 83792","2023-11-11","Morning","2020-11-03 20:14:07.795582","Around act friend decision anyone environmental consumer. Tend page each interview sport others set."
"80   ","Payne, Samantha",3,"Sales Associate","samantha.payne@abcfoodmart.com","3760518198","6706 Neal Divide Suite 372
North Shaun, AZ 42850","2021-11-19","Night","2022-06-24 04:13:40.712884","Fire gas simply quickly book born. Parent south new generation hear into happy."
"81   ","Thomas, Robert",5,"Stock Clerk","robert.thomas@abcfoodmart.com","1407449332","439 Atkins Falls Suite 015
South Carlosfurt, AL 85826","2020-02-26","Flexible","2021-04-23 02:29:58.15918","World Congress under able yes moment cold. Any morning similar understand eye oil truth. Card throughout class style big adult why."
"82   ","Smith, Brandy",4,"Stock Clerk","brandy.smith@abcfoodmart.com","5273220899","7903 Russell Lakes Apt. 276
East Renee, VA 42585","2021-09-17","Remote","2021-10-08 13:52:33.888346","Will make meeting. Performance travel create."
"83   ","Jordan, Carla",3,"Cashier","carla.jordan@abcfoodmart.com","8198263983","435 Wanda Alley Suite 568
South Debbieport, MO 32484","2022-03-14","Morning","2021-10-14 08:47:56.609275","Yes speak relate simply tax common behind. Pass create standard tree guess."
"84   ","Thompson, Matthew",5,"Stock Clerk","matthew.thompson@abcfoodmart.com","7988980456","814 Jacqueline Vista Suite 070
Lake James, TX 88177","2024-03-08","Afternoon","2021-10-25 03:07:56.257459","Movie myself social month beat. Other general reveal chance despite."
"85   ","Moyer, Steven",4,"Sales Associate","steven.moyer@abcfoodmart.com","9286428919","5640 Evans Point
Zavalaburgh, MS 05750","2021-03-30","Night","2023-11-24 10:59:58.305606","Too look each. Unit image make recent career couple. We economy much full service approach she."
"86   ","Moore, Jason",4,"Sales Associate","jason.moore@abcfoodmart.com","6806543853","09394 Kim Ridge Apt. 980
Ivanshire, IL 30067","2022-01-22","Afternoon","2023-12-18 16:52:04.647071","Blue window commercial hair speech manage. State site require. Significant fast other series fund some. Manager away yes million whose kind."
"87   ","Williams, Michael",4,"Cashier","michael.williams@abcfoodmart.com","2831442295","1994 Davis Crescent Apt. 479
West Paigebury, SD 86847","2022-02-05","Flexible","2021-07-31 18:49:27.51938","So we election reveal yourself. Society will table science give usually perhaps decade. Factor employee politics show nature individual. Individual say threat understand."
"88   ","Myers, Gary",5,"Sales Associate","gary.myers@abcfoodmart.com","3451193012","1040 Michael Lodge Apt. 545
South Denise, SD 42013","2020-01-07","Night","2022-05-16 19:56:55.851603","Partner eye here executive. Weight forward attorney between man station upon family. Mouth respond yet opportunity toward anyone newspaper."
"89   ","Vasquez, Peter",4,"Sales Associate","peter.vasquez@abcfoodmart.com","9958823785","0413 Jasmine Harbors
Patrickhaven, TX 08908","2020-03-21","Flexible","2023-12-09 16:00:26.223573","Should success hard recent her ready. Read writer test source."
"9    ","Walters, Jay",5,"Sales Associate","jay.walters@abcfoodmart.com","25235329  ","86868 Hannah Loaf Suite 314
Ericberg, AZ 45424","2021-10-14","Afternoon","2021-07-03 07:21:47.036935","Law common issue arrive should. Growth investment group another claim challenge."
"90   ","Campbell, Bethany",1,"Cashier","bethany.campbell@abcfoodmart.com","2185799806","97956 Bennett Drive
East Emilyhaven, CO 25294","2022-11-27","Flexible","2022-05-28 17:24:14.765409","Old hour available feel everyone Congress various anything. Miss poor successful article speech peace."
"91   ","Gross, Andrew",3,"Manager","andrew.gross@abcfoodmart.com","3755693519","7186 Carla Harbor
Port Jenniferton, ID 40698","2021-03-05","Night","2023-05-04 22:16:15.513463","Think ball food interview season by. Evening human real scene. Third spend hotel soldier green gas fund happen."
"92   ","Frederick, Evan",5,"Manager","evan.frederick@abcfoodmart.com","3798074874","65300 Andre Overpass
South Cherylshire, PA 94416","2020-10-25","Remote","2021-08-09 12:08:52.101322","Study wall religious day happen force all. She indeed city international prevent meeting. See all same out thank fly international."
"93   ","Horton, Mark",3,"Stock Clerk","mark.horton@abcfoodmart.com","4216485798","176 Williamson Creek
Jamesside, TX 01576","2019-07-22","Remote","2023-06-27 17:26:18.637967","Above sea mouth hard already. Director call example job. Smile fight modern however physical scene."
"94   ","Kerr, Jason",5,"Stock Clerk","jason.kerr@abcfoodmart.com","2822840267","4197 Moreno Junction Suite 814
Jamiebury, NC 35489","2020-07-09","Flexible","2020-10-31 13:20:18.273467","Far keep growth consider shake. Spring animal can let without agency nation seven."
"95   ","Owens, Jeffrey",2,"Stock Clerk","jeffrey.owens@abcfoodmart.com","8283080570","3834 Wilkinson Road Suite 346
Sarahburgh, AZ 83010","2019-04-17","Night","2024-01-15 04:09:56.936352","Television future where eight street data sometimes. Exactly religious share thing would physical believe."
"96   ","Jones, Michael",1,"Stock Clerk","michael.jones@abcfoodmart.com","6529477505","38925 Ward Gardens Apt. 054
Lake Diana, AZ 51541","2021-01-20","Remote","2021-12-06 07:23:32.094997","Describe recently pull minute world end because. Dream what purpose."
"97   ","Long, Kirsten",2,"Cashier","kirsten.long@abcfoodmart.com","3432699160","185 Thomas Centers
South Steven, NE 05016","2022-03-23","Afternoon","2023-08-26 22:27:58.222079","We article bed most."
"98   ","Golden, Laurie",5,"Cashier","laurie.golden@abcfoodmart.com","2773548336","Unit 7479 Box 0365
DPO AA 68808","2023-07-02","Morning","2023-05-21 00:20:22.857814","Its prevent across tend treat share help. Social part what the pretty record sell."
"99   ","Jackson, Gary",2,"Cashier","gary.jackson@abcfoodmart.com","4694989593","9260 Diamond Underpass
Hannabury, NY 83543","2021-07-01","Remote","2022-02-14 07:03:20.55174","Area full deep blood. Reality similar election everybody reason performance."
