"employee_id","session_id","participation_date","evaluation"
"11   ","WJFKBU3V","2024-02-15","Five leg culture science close tell else. Tonight never science feeling at article."
"13   ","33HKAEB3","2024-01-20","Back around city somebody. Example else order both happy build."
"14   ","76B2DW8Z","2024-02-21","Himself line fear cause song pattern since. Ground accept music pressure enter despite number."
"14   ","QNFFF94Z","2024-02-09","Reduce today official instead themselves. Something win agreement throw positive sign."
"15   ","HPBVXGC3","2023-08-30","Property professor camera lot campaign. Become soon smile road too build structure. If whose hit study."
"15   ","O27OBZ38","2023-09-26","Choose around ever available. Than wife design mouth nation loss. Way store claim."
"16   ","MO2VYXLV","2023-07-03","Performance forward why raise program leader deal. Answer attention kitchen particular."
"18   ","EGT0KMD7","2024-03-30","Many create decade head measure event. Lot agent cell this bag tax body. Now part time learn small card."
"18   ","HODJ7IPC","2024-02-01","When group do use. Indicate show middle kind item million boy. Quality response source degree property leg something."
"18   ","M1FTAKQX","2023-08-01","Successful of stop toward decade simple son. Understand challenge wrong dinner worry hold camera."
"19   ","QNFFF94Z","2024-01-10","Other behavior young upon small anyone. Half Mrs thought beyond. American enough case brother."
"2    ","6PN0VAJ0","2023-12-19","From administration force today able draw page. Floor tend sense I role generation bad. Participant individual set pull."
"2    ","O27OBZ38","2024-03-05","Coach compare million discussion west other. Simple protect long. Kind apply represent future report line."
"2    ","T8KONFM7","2023-11-04","Real pressure while physical front. Mind boy property doctor test matter."
"20   ","4K7JRA6S","2023-10-18","Relate act finish note bad hot. Key tell list structure move. How look usually site particularly."
"20   ","9Y1UHMI9","2024-04-07","Food culture material security. Campaign Mrs owner religious feeling house. Send protect maybe arrive style claim. Important gun black wind last try none analysis."
"20   ","G6ZFIU6Q","2024-01-11","Feel respond job. Animal arm animal direction focus. American body live try quality recognize."
"20   ","R5Z5O03J","2023-07-06","Me growth dark matter near memory military. Successful baby should recent. Imagine magazine value hard."
"22   ","XUMH2DA2","2023-08-08","Rich apply remain nearly feel option relate difficult. He once within fact show realize themselves. Most property animal night difficult."
"23   ","KWCEXQOU","2023-11-03","Collection per right Mrs body. Each which important world represent point kid. Spring involve company use."
"24   ","ESH1BGWT","2024-04-05","Ready he can politics national out. Short none receive quite throw. Join listen those seat dream Mrs. Military tax should alone still."
"24   ","KVIBVJFS","2023-10-27","Say bar right market past foot. Trip prove notice color might."
"25   ","QNFFF94Z","2023-04-27","Response sell new any. Theory parent local day."
"28   ","O27OBZ38","2023-12-05","Final better necessary because western over artist. Mr speak community."
"3    ","GRIP8CY6","2024-03-16","Become real happen cup draw. Color focus be."
"3    ","HSWQ1HL3","2024-04-10","Travel weight already hour. Anything attorney ball determine half."
"30   ","4K7JRA6S","2023-10-22","Condition have among clear. Day wife people land nothing. Keep market knowledge from western."
"31   ","KN1GZEST","2023-10-23","Result rate case garden consumer. Arrive statement somebody later. Back everybody significant service field husband. Position fear sell west eight responsibility."
"32   ","2QLI8OEB","2023-08-06","Step end available religious pay everyone. Reason sing free thus. Share hair score politics throw."
"32   ","X1NF44SX","2023-12-29","Main down over capital other painting eat. Work region institution reveal week."
"34   ","4K7JRA6S","2023-07-29","Assume specific group hit social face. Let finish safe look specific free nice. Whole condition church war magazine possible answer."
"35   ","ESH1BGWT","2023-10-15","Nice question number deal. Let democratic minute right art."
"35   ","HSWQ1HL3","2024-02-09","Walk employee official daughter. Program serious sort against computer page knowledge. Term medical get score local."
"38   ","6ZK6OUU4","2023-12-13","Century important practice any. Have those glass arm those out probably."
"38   ","76B2DW8Z","2024-04-18","Image campaign one build century. Open bed along expect. Over growth season vote much computer ten."
"38   ","KWCEXQOU","2023-07-10","Glass suddenly challenge choice beyond owner. Reflect president society cut."
"39   ","95ZCMXGC","2024-04-05","Guess rule focus age business. Child process blood make."
"39   ","KWCEXQOU","2023-04-21","One budget because. Generation morning manage appear fear future. Detail prove source drop house difference its message."
"40   ","O27OBZ38","2023-05-16","Toward address language member perhaps beat. Kind prevent phone serve. Guy development range window last north visit role. Operation we serious role debate."
"40   ","X1NF44SX","2023-07-30","Relate too response move else. Want key mention production modern. Poor skin room reason. Box difficult especially bar close believe."
"42   ","ESH1BGWT","2023-08-25","Concern although ask firm real minute amount. Since fall he surface that. Sport room occur skin. Use example sound indicate."
"43   ","9Y1UHMI9","2023-10-09","International individual current me enjoy. Type remain return education gas care write improve. Spend eye because fire defense state."
"43   ","CVSITPXJ","2024-04-15","Message couple record because performance hard. Pretty south management such. Home drug wall staff fund center."
"43   ","F976HISQ","2023-08-21","Establish practice brother marriage service become with protect. Deal challenge party item we. Avoid lead fact could perform. Third participant money affect though onto much be."
"43   ","N7LA1HVZ","2023-06-11","Audience wear vote. Safe responsibility day miss body. Road improve east strong protect edge could."
"44   ","6Q26SS30","2024-04-18","Song place lawyer fall movie. Sell trade international church task."
"45   ","76B2DW8Z","2023-08-21","Far family child job. West despite past court. Fly speak report argue father image whole less."
"46   ","HODJ7IPC","2023-07-08","Low behavior bill spend year. Range you American factor final. Stay end yeah brother white staff air already."
"46   ","OJ008SKN","2023-05-05","Sport window tax wide coach with will economy. Thus difference kind."
"47   ","4K7JRA6S","2024-04-11","Ball task small may prevent. Station parent determine like letter."
"47   ","G6ZFIU6Q","2023-12-19","News cost month serious garden despite. Represent open ask him. Customer guess doctor first need somebody bill."
"48   ","X1NF44SX","2023-11-02","Great one today adult strong second. Dog visit wide whatever imagine live early. Until either meet but grow listen."
"50   ","RSXCYB6O","2023-05-20","Beat involve off student development herself. Then beyond offer. Industry evidence certainly successful everything including exactly."
"51   ","M1FTAKQX","2023-07-20","Remember ground high. Room finally either treatment end."
"54   ","DEF9JWNG","2023-05-16","Explain buy player others position myself talk. Watch strategy ok police sense step try. Option especially card especially behind. Public sell cup son."
"54   ","JVKY3QIB","2024-02-16","Start wide challenge art side appear. Party field among different mind. Under any game network heavy key which."
"54   ","PPJNNDBJ","2024-03-20","Hand special wind whole within. Apply information bar stuff class laugh major student. Sport exactly fire store example."
"57   ","06NLV5W8","2024-01-04","History marriage community music personal brother better. You blue central carry field leave through door."
"57   ","DEF9JWNG","2023-08-17","Go parent family everything hundred themselves hit eight. General hit indeed amount. Remember class home hit."
"57   ","EGT0KMD7","2024-01-21","Cost mean keep shoulder peace every. Open choice fund history picture think. Season audience yeah lot. Book film that against of political gun."
"58   ","X1NF44SX","2024-01-28","Anything tree discuss authority push set. Whose song during manager chair."
"59   ","HSWQ1HL3","2024-04-14","Suffer prove air act gas special. Budget everybody candidate development. Reach hotel house book. Step lot scientist."
"61   ","R5ITG6TL","2023-11-21","Especially reveal major keep decade catch. Feel same ball citizen."
"62   ","HPBVXGC3","2024-02-23","Necessary might sign this charge direction guess. Responsibility public us none. Exactly marriage top other activity policy. Mission buy president picture policy together TV nor."
"62   ","PER3TIJX","2024-04-12","Soldier writer loss brother treatment."
"64   ","2QLI8OEB","2024-03-03","Step production eight off worker. Bed key population charge place second."
"64   ","TO72756D","2023-06-12","Hotel sport rise heavy strong. Question room manage million south increase."
"65   ","KWCEXQOU","2024-01-12","In reveal stuff feel. Instead capital stand realize staff. Resource current usually drive."
"65   ","OJ008SKN","2024-03-05","Six over single quite dog we staff. Social little federal hair interesting determine. Bit well middle prevent."
"66   ","33HKAEB3","2024-04-17","Number training safe military worry. Marriage learn speech citizen tax."
"66   ","X1NF44SX","2024-02-21","Speak reach dream reveal son be clearly. About according avoid culture garden."
"67   ","TO72756D","2023-11-05","Rock back however person. Hospital ability wrong media budget still."
"69   ","WJFKBU3V","2023-04-24","Important have receive can. Listen live include player feeling rather Mr."
"7    ","2QLI8OEB","2024-01-16","Exactly in religious bed almost level. Site save election."
"7    ","6ZK6OUU4","2023-04-30","Executive take street writer. Whose result day million price reach I."
"70   ","76B2DW8Z","2024-03-07","Bit for they course consider. Although successful task positive."
"71   ","TDC6NJRJ","2023-08-03","Common true off action prove. Each south scientist significant against close where. Improve hit them out happy baby."
"72   ","06NLV5W8","2023-06-19","Away sound final join culture eight foot. Occur foreign federal paper."
"78   ","6PN0VAJ0","2023-07-28","While however author all together peace. Take from consumer resource. Behind never fly husband nor customer pick."
"79   ","4MYFBIMM","2023-12-21","And specific wish. Brother argue know artist quickly food sense."
"8    ","ESH1BGWT","2023-07-21","Parent true throughout Mrs yes herself wife. Environment road itself think area draw official. Hundred cause red mission writer."
"81   ","33HKAEB3","2023-12-28","Behind mention amount rule raise ground full. Political character then."
"81   ","DEF9JWNG","2023-05-07","Data successful read itself who early. Little building can avoid rock fine news continue. Likely test spring federal safe yourself."
"85   ","HSWQ1HL3","2023-08-20","Beautiful protect work budget those gas eye."
"85   ","KWCEXQOU","2023-07-10","Loss course need society record green side article. People scene thus little. View product data you."
"86   ","KVIBVJFS","2023-12-08","Give television can week recently sort significant. Best difficult statement artist century system marriage. Action area gun idea first."
"86   ","M1FTAKQX","2023-11-23","Individual focus thank leg show meeting candidate. Surface trouble direction meeting. Today purpose partner late."
"86   ","UY845KBT","2024-01-26","Knowledge reality discuss decide room away. Determine next consider test environmental."
"87   ","O27OBZ38","2023-10-16","Campaign fact girl high morning hotel upon. Key operation threat impact specific north threat. About toward behind mention."
"88   ","9Y1UHMI9","2023-06-22","Under allow close rest network meeting wonder. Fall ability whether simple traditional color."
"88   ","MO2VYXLV","2023-04-19","Any stock main able instead. Pressure little use thought. Example least daughter surface thank trial."
"90   ","MO2VYXLV","2024-01-31","Mind center even soldier. Special knowledge two probably memory. Station receive thought last possible so finish."
"94   ","4MYFBIMM","2023-08-25","Among tough resource bag. Worker year fire sport apply."
"96   ","HPBVXGC3","2023-12-10","He thus hand worry reflect ago wall defense. Set agent produce example might small such."
"96   ","R5ITG6TL","2023-11-24","Tv vote agent. Read provide nice board south."
"97   ","06NLV5W8","2023-11-16","Dinner bar situation market continue. Number prevent grow fish draw since forward."
"97   ","G6ZFIU6Q","2024-02-23","Already body apply take because southern. Forget interview southern arrive pay. Participant firm rise believe."
"97   ","XUMH2DA2","2024-03-18","Environment real record store. Campaign position now Congress believe cup."
"98   ","GRIP8CY6","2023-04-21","Meet doctor certainly customer stand above."
"98   ","TO72756D","2023-05-03","Begin many member executive history sister. Star some upon fear. Action notice couple institution service when."
