"exchange_id","order_id","customer_id","product_id","store_id","exchange_date","reason","satisfaction_level","action_taken"
3,5094,1144,19,2,"2024-02-26","Political figure instead bill call cell couple letter history religious.",5,"Expert mention but upon."
4,15228,731,16,1,"2023-05-30","Special hot level medical least hotel life hold.",4,"Individual image me so."
5,2423,1788,15,4,"2023-10-14","Executive simple decide may seven head land back glass compare word meet miss.",2,"Today stock sort oil dream just."
6,17114,1959,31,4,"2024-02-04","Herself inside democratic exist girl firm head ability town significant he see.",3,"Figure technology sometimes food wonder I."
7,764,1381,33,2,"2023-12-16","Hear quickly economy adult course eye important firm out difficult issue series.",1,"Other interesting list."
8,20000,1271,9,1,"2024-01-08","Nation occur name also choice mother others tax toward budget medical expert fear.",2,"Life art fund."
9,10310,217,7,5,"2023-04-24","Score ok wife system these teach popular on.",1,"It writer degree practice."
10,4632,1607,1,5,"2023-11-04","Media stock produce discussion reach seven education already.",5,"Understand marriage result treat."
11,15140,824,32,4,"2024-01-18","Stock sure purpose win sell check factor agency them.",2,"Research activity add pay."
12,6146,1857,31,3,"2023-12-10","Six term great pay charge result able stop rather agent such.",1,"Paper imagine newspaper."
13,18415,1078,25,1,"2024-02-21","Mean green someone term spend when authority southern spend player.",4,"From first contain."
14,11713,1673,31,5,"2023-06-08","Different simple policy past near every yard rich piece success.",2,"Realize study authority."
15,12334,278,18,4,"2023-10-30","Create event training he easy nice throw important standard agency government house group.",3,"Reach service building sound number."
16,6055,1040,1,2,"2023-11-22","Under tell kid green traditional your appear senior risk.",4,"Next interesting song."
17,9918,1472,28,2,"2023-08-15","Window fast hospital nothing glass account.",4,"Everybody such wear."
18,11541,1102,11,2,"2023-04-29","Recognize throw agency yourself kid keep physical suffer direction.",5,"Performance must necessary claim."
19,13303,1507,21,5,"2024-01-17","This decision real from matter open trade because power whom.",3,"Red exist music eye others."
20,21699,1151,14,3,"2024-03-13","Home may tree everyone goal issue simply national meet figure base.",4,"Knowledge purpose music expect keep."
21,4080,696,16,3,"2023-05-13","Forward director half together leave least.",3,"Operation yeah bill."
22,266,267,29,1,"2024-04-12","Catch cultural front exist turn into.",5,"Member wind back and huge."
23,18340,425,3,3,"2024-02-15","Southern bank age drug long own him paper force along.",3,"Surface standard though be its interest."
24,15501,1469,24,3,"2023-12-26","Action door church staff professional must democratic range like.",5,"Child send so treatment."
25,685,1159,21,4,"2023-12-29","Entire several special moment score friend material hair bag born begin raise.",5,"Fill everybody heavy sing around."
26,9635,72,2,5,"2024-03-31","Serve term exist himself debate fund window fish four west.",1,"Detail defense at police."
27,620,974,9,1,"2023-06-26","Forward budget president only behind season bar two morning either many system.",1,"Involve light arrive nothing."
28,2423,255,32,3,"2023-10-23","Artist late various thought top yes along beyond call tend get also half.",2,"Option attack executive nothing."
29,6039,516,6,3,"2023-06-01","Enjoy notice history century since friend school contain white home apply occur thus.",2,"To start campaign method show assume."
30,764,467,32,2,"2023-11-24","You fight war how black election heavy own skin finally minute best statement.",1,"Program within run."
31,21,1651,22,2,"2024-03-24","Degree occur show boy fine new challenge baby consumer brother born.",5,"Policy doctor medical government everything."
32,5368,843,19,1,"2023-12-10","Radio bad tend shake ground little.",2,"Half would occur environmental my fill."
33,10090,479,32,1,"2023-12-01","Shoulder themselves six help society price.",4,"Fish town last skin structure decision."
34,3937,1635,2,3,"2023-11-06","But analysis music partner director agree memory.",1,"Address stay town develop who trouble."
35,18425,787,33,3,"2023-07-31","Truth save mission administration race strong office man government.",2,"Arrive myself laugh."
36,6146,38,20,3,"2024-01-03","With art boy scientist its should affect walk.",3,"Difficult fill step quite."
37,711,1907,11,3,"2023-09-16","Standard fund hair then alone husband reason answer partner always all budget.",1,"Never language smile kind owner."
38,10090,1881,3,1,"2023-04-19","Interesting interview generation subject point man major per.",3,"Treatment authority teacher similar film college."
39,289,1329,6,4,"2024-04-10","Opportunity recently economy return sing push indicate stand less.",5,"Ball letter wind."
40,1080,736,17,1,"2023-08-12","Suddenly test parent fact method name city animal industry chair somebody window up.",3,"Fact common plant yeah."
41,8929,1892,22,1,"2024-03-25","Detail age building design country arm step who.",2,"Get actually single picture customer experience."
42,20952,1421,12,5,"2023-06-21","Tell national water study kind let listen stop answer authority decision start dream.",4,"Everything tree brother."
43,16785,514,9,5,"2023-10-23","Suggest too brother tell fall toward fall including model eye.",3,"Result stand nature drive compare international."
44,5368,886,16,3,"2023-09-19","For season expect exactly stock lot contain some Republican plant right.",2,"Operation thousand treat carry to mother."
45,22114,236,6,3,"2023-09-02","Leader hit need religious way dark matter head plan.",2,"First tonight firm."
46,6899,1603,19,5,"2024-01-15","Role enough indicate skin record today individual quite including.",2,"Reflect network past write."
47,8101,397,1,1,"2024-04-05","Heart major wall send attorney professor city trouble tax buy mouth art.",2,"Attention green life meeting process."
48,10706,1551,24,3,"2024-04-14","Scene out easy fill fall his arrive spend act American develop law item.",4,"Some never red sea second."
49,9208,781,22,5,"2023-06-23","Music onto station weight heart work step Democrat anyone start real song relationship.",3,"Population house financial."
50,10090,1107,18,2,"2024-02-28","Before treat allow attack indeed government south add key new.",3,"Security point article particular cup protect."
51,5820,373,11,2,"2023-06-11","White challenge understand weight exactly instead number possible yard knowledge.",2,"Pick report out take collection lot."
52,3468,1734,18,5,"2024-03-15","Wife about shoulder air skin unit right.",2,"Six produce mention think."
53,16579,815,26,2,"2023-04-21","Sport truth particularly never be poor record per sport network size religious.",1,"Daughter learn perhaps."
54,13303,721,27,4,"2023-12-02","Church maintain standard through night act ago.",2,"Total policy task style reason difference."
55,11713,1664,5,3,"2023-08-17","Season security pay fire news blood attack many.",4,"Local seem if position maintain."
56,15652,1051,10,5,"2023-06-22","Look process attack up security arrive record change threat present.",5,"Campaign above accept seven."
57,12183,419,7,1,"2023-09-04","Now kitchen ground religious peace success onto too by including senior season.",5,"News wish quite both nearly."
58,9892,1446,29,1,"2023-09-06","Friend peace guess land air simply blood significant piece true down we.",1,"Not between almost good evening senior."
59,3867,1895,15,2,"2023-06-21","My camera will least decade every.",4,"Happy three condition traditional."
60,4080,122,14,1,"2024-01-17","Teach table magazine contain can open cost place.",1,"Skin place cultural."
61,5655,95,19,2,"2023-09-21","Box some only role from table identify law travel most hospital them woman.",5,"Structure wish against glass."
62,10090,78,29,2,"2023-08-18","Rule president establish born none song.",1,"Want figure structure."
63,5820,102,10,5,"2023-11-12","Each history debate family eight debate enough human director.",3,"Anything church sit."
64,13314,1180,18,2,"2023-06-24","Race form would ten several another push affect treat measure before project father.",4,"General project past."
65,12073,1770,14,4,"2023-06-21","Similar idea near have cultural main site need.",5,"Still human ask arrive soon society."
66,21285,516,33,5,"2023-11-14","Audience my campaign discuss perhaps when as.",2,"Education standard catch."
67,2157,793,31,4,"2024-01-23","On truth south number hit everything fight investment suddenly house.",3,"Fill degree help ability forget range break."
68,6894,1592,28,4,"2024-02-23","Back security stay director trial next name service personal exist television relate.",4,"Huge above lot when bad story."
69,12183,1868,28,1,"2023-08-10","Imagine green everything according me happy product easy word position word.",2,"Worry four somebody raise."
70,15501,1330,2,1,"2024-01-15","Front sure always development film write.",5,"Shoulder town true former concern it toward."
71,20776,674,19,4,"2024-01-26","State food environment go could stay.",3,"Behind identify data."
72,11278,1863,22,2,"2023-06-20","College rule thus establish campaign spend market artist visit bar.",2,"Movie this mouth."
73,7677,1918,10,2,"2024-03-25","Once something hold receive friend system indeed daughter four actually.",4,"Idea foreign officer."
74,289,42,23,5,"2024-01-21","War home check million green despite bad senior police blue.",5,"Continue which station."
75,1509,856,33,4,"2023-06-18","Mouth pick fill no challenge sense management sign.",3,"Him level mouth future participant."
76,6894,1626,17,5,"2023-06-02","Several behavior build officer imagine almost themselves drive theory cold candidate Democrat.",5,"Recent factor others seek not."
77,8929,66,13,3,"2023-11-08","Risk project design control the government family goal above.",5,"Gas enter put."
78,3867,333,33,5,"2024-03-25","Allow spring check least necessary benefit marriage still toward factor benefit it.",4,"Seek around sometimes drive chance from."
79,685,780,8,2,"2023-06-24","Move boy its attorney fire couple where present seek.",5,"Everything development deep Mrs style."
80,3250,133,24,2,"2023-11-30","Maintain eight yeah total leave can democratic go.",3,"Pay current fine fund walk."
81,21697,791,7,3,"2023-12-07","Free per then best yard school health production.",2,"Newspaper forward of school matter remain."
82,17053,503,31,1,"2023-08-08","Grow majority continue war health suddenly situation site poor.",1,"Animal truth food happen serve magazine."
83,1196,14,18,3,"2023-07-05","Real responsibility officer rule determine fly deal near.",4,"Vote will opportunity tend certain."
84,6894,1793,9,2,"2023-05-15","Draw coach decision bank add garden establish occur expect actually investment baby car.",1,"Dark each effect main that threat."
85,4969,646,24,3,"2024-01-21","Population everything Mrs push call example onto guy attorney above nor.",4,"Product require give."
86,2613,355,12,3,"2024-01-25","Image population third participant go any course stage pick.",4,"Support week senior after."
87,15652,1707,32,3,"2023-05-19","President indicate huge him who pass remain eat rule visit themselves food.",2,"Indicate leave several onto food."
88,15652,916,18,1,"2023-12-31","Reveal office statement whatever home join cold friend hold available above.",5,"Kind father policy heart toward."
89,4302,386,2,4,"2023-11-25","Home spend offer here affect over tree win material.",4,"East family occur form sort safe."
90,10701,1309,22,2,"2023-05-12","Before production former issue room live property up often water ball.",2,"Claim economic unit finish talk."
91,8274,1052,10,3,"2024-03-20","Age deep thought himself age grow act weight upon four trouble.",3,"Including health follow art."
92,17114,743,24,3,"2023-10-07","Possible eight lead think cold win culture piece fly fill well discover.",1,"Less born yes."
93,21697,1927,1,3,"2023-05-22","Eat too try letter hear use.",4,"Star young president stop writer."
94,8274,1864,24,3,"2023-11-25","Evening help computer talk happen sea word left reality receive.",4,"Into cultural push official wonder structure."
95,11541,1670,28,5,"2023-11-04","Above week among choice off cause different I too hit everybody.",1,"Put challenge threat bank event."
96,9208,1731,8,5,"2024-04-08","Goal difficult perhaps media treat home above cultural me.",3,"Agency bag head notice ahead."
97,21285,662,26,1,"2023-12-13","Direction country effect then meeting similar cut.",2,"Ability stock respond painting."
98,22114,1329,2,1,"2023-09-05","Town through large trade learn while foot outside center person conference national few.",2,"Institution teach sport early phone cold."
99,16785,1260,25,5,"2024-03-03","Make evening stock century draw a bit bring good.",4,"Which industry fear sea than doctor."
100,6899,1382,18,2,"2023-12-18","Realize open rate city treat political build.",2,"None east return choose behind."
101,21,27,32,3,"2023-06-13","Summer technology describe news people green subject dog finish later media college.",3,"Subject now hundred sing network lay."
102,9208,110,8,2,"2024-03-26","Record guy agency head administration stand receive step no onto recent news edge.",2,"Trip sing team go many who."
103,20952,1491,19,3,"2024-01-02","Everything contain adult relationship else someone trip debate wonder.",2,"Account PM administration need sure about."
104,18506,907,33,4,"2023-12-21","Response identify hit question together probably building from.",4,"Amount begin growth let art woman."
105,7896,601,30,1,"2024-01-03","Because property matter not strong administration feel.",1,"On cup law smile life human."
106,8473,833,10,3,"2024-03-15","Resource individual might ability relate machine meet pressure before choose watch state.",4,"Daughter choice age."
107,6501,1201,15,5,"2024-03-12","Control process last door without foot court professional table kid.",2,"Leave history Mrs trial win."
108,14259,752,12,1,"2023-12-28","List edge reveal enter station art assume.",2,"Task should growth beat director finally."
109,6146,19,30,3,"2023-07-21","Lay speech get mother especially build compare.",4,"Police board how friend service."
110,17114,677,15,3,"2023-07-24","Ask enjoy interest later happy word paper more dinner here on month less.",4,"Stock he heavy again."
111,10701,1481,1,2,"2024-04-02","Page than cover tree door husband for shake color according realize standard.",5,"Always much thus."
112,6899,1638,32,2,"2023-04-24","Say order those society another sense move activity discussion foot measure increase.",2,"True store evidence relationship."
113,1080,1623,31,3,"2023-07-24","The grow suddenly effect how adult best option girl house if.",2,"Design specific when exist record into."
114,3407,1740,15,2,"2023-12-11","Indicate change artist interview west huge event question control.",4,"Four guy must process."
115,6894,516,33,3,"2023-11-23","Reduce drug in add close model military.",4,"Authority ten federal detail above."
116,5820,77,25,4,"2024-02-22","Each almost TV whom hope onto practice music treatment man medical grow.",1,"Father summer day."
117,6899,1717,17,1,"2023-08-25","Sort thus beat fight tough field nation front thus program rather politics.",5,"Yet easy thought."
118,21699,499,20,3,"2024-02-24","Capital know manager degree however television.",5,"Defense mean bill group teacher."
119,18340,1108,1,3,"2024-02-20","Again player again yet section story if term everyone wall.",4,"Human anything hour push."
120,12183,1220,7,2,"2023-08-01","Along her specific population popular use support health team behind TV late court.",3,"Catch stop above response beautiful board."
121,21699,1375,17,3,"2023-11-29","Clear fall rule either tax win accept item space choice fast or there.",1,"Six partner new."
122,10272,1043,24,5,"2023-11-17","Edge him still must inside debate buy few west set artist wind cut.",4,"Each break market once general."
123,3867,1600,13,5,"2023-04-19","Better off Mrs two account wrong record commercial.",3,"Learn ever maintain southern sea."
124,4302,234,10,5,"2024-03-23","Lose might off decade again drive career leader assume PM.",5,"Subject record less campaign."
125,16303,969,14,5,"2023-11-07","First financial whose charge computer people woman.",3,"Improve plan score throughout."
126,3407,1204,10,4,"2023-07-01","Determine late activity instead whether difference drug these article same big environment contain.",4,"Mission me role fear."
127,3867,561,4,4,"2023-04-22","Business positive national produce understand heart through.",5,"Your add class charge health."
128,6899,731,15,3,"2023-05-01","Remain look whether already send blood election financial rule.",1,"Image wind expert enjoy she."
129,2613,1906,8,1,"2024-02-03","Tough former technology participant major down after husband voice.",2,"Entire whose contain four pass."
130,7677,1048,1,5,"2023-05-12","Thing go human wide determine raise sport former audience similar go all.",1,"Human without bill human somebody finally."
131,2581,197,6,5,"2024-01-11","Find our firm soldier environment political ahead later seven may alone.",4,"Beyond any fire."
132,17114,1727,7,2,"2023-08-22","Environment daughter activity price play family response feel suffer.",2,"Major return wait."
133,12132,1415,28,4,"2023-07-31","Likely apply single action claim already moment dream century their art.",3,"Really surface opportunity."
134,685,1687,31,1,"2023-04-22","Various thought say look town agree lawyer.",3,"High deep effect but."
135,9208,1684,32,1,"2023-05-30","Student point himself happen foreign we floor.",4,"Money avoid human ask local."
136,4969,1395,7,3,"2023-11-02","Begin can major throw because table more join against plant two.",2,"Might sea part."
137,3937,1531,19,5,"2023-05-08","Ever rise these order civil serious question director situation week.",3,"Remember until common."
138,18506,449,4,2,"2024-01-27","Recognize more machine leg piece free.",3,"Hand effort against."
139,8929,1823,6,2,"2024-01-30","World protect quite executive rise reflect pay environmental mean trade.",3,"Really just admit raise accept."
140,6501,1025,18,4,"2024-04-06","Matter yourself north subject strategy second administration themselves improve commercial training continue.",4,"Year figure tonight bag avoid power."
141,8274,205,8,2,"2024-04-02","Room better major present party possible possible first.",5,"Act stock class its."
142,21285,1829,31,4,"2024-02-21","Fear past my oil there certain hospital consumer travel program our responsibility true paper.",4,"Story determine so police government of."
143,5655,175,20,3,"2023-06-04","Be language sit later situation fly down.",1,"Sure Mr Congress rate produce let."
144,10706,1465,13,3,"2023-07-04","Heart leg eight away of important paper game agree understand.",5,"Together Democrat hit role head."
145,8274,396,5,3,"2024-03-30","Already wait go pressure well staff middle could nothing bank have both Congress drop.",5,"Director house lawyer central cover around."
146,7677,531,20,1,"2024-02-15","Something matter section up onto executive wide effect contain effect possible project decide.",4,"Never role we foreign somebody."
147,16785,1041,3,1,"2024-02-05","With nor even wait decade factor his.",2,"Nature type leader establish upon."
148,8956,1614,10,4,"2023-10-14","Side late begin collection always yard pretty big song score.",5,"Cell friend expect either rich."
149,266,1652,18,3,"2023-07-27","Ask safe art anything seek great information a soldier.",2,"Seat place letter."
150,18415,896,20,1,"2023-06-19","Ever drop far energy although mind plant collection you.",3,"Into travel friend."
151,11713,119,17,3,"2023-04-24","Short trouble structure music production learn however oil pretty.",3,"Improve not later business."
152,1509,509,4,4,"2024-02-15","Best property back enough various want if building.",5,"Friend full national move."
153,5820,434,3,1,"2024-04-05","Democrat moment simple do edge station piece machine health.",5,"Goal stay sure pull."
154,6501,1346,18,5,"2023-10-08","Production pick human share suggest money Democrat or in.",4,"Personal along skin wall important."
155,17114,713,19,2,"2023-10-06","Such some learn attention church above Congress worker.",2,"Section good democratic those individual challenge."
156,6894,563,7,4,"2023-08-13","Oil price business military style crime cut country ago analysis suddenly public ok.",4,"Enjoy dark successful."
157,6287,437,11,4,"2024-02-12","Nothing agree left them whom maybe reason firm near why American.",1,"Officer really better air may."
158,14790,1178,30,3,"2023-07-18","From each society bank professor finish community.",2,"South threat coach."
159,20776,1258,15,3,"2024-03-15","Forward miss consumer democratic back develop read.",3,"Agreement bed social draw."
160,15228,5,13,3,"2023-09-12","Analysis threat very eat piece order compare.",3,"Mother deep suggest."
161,9208,1503,24,3,"2023-06-02","Story speak action question build animal suffer now sea someone share different.",4,"Herself break focus bar cause individual."
162,711,876,14,3,"2023-08-04","Stay machine amount commercial add hot image common give tell perform tonight remain.",3,"Thus mean customer pattern air."
163,21368,53,9,4,"2023-04-29","Car issue be forward bad company weight risk.",2,"Operation cup learn natural child admit."
164,13303,1291,21,4,"2024-01-23","Despite color guy create face learn large security front lot address game.",5,"Ago child expect final."
165,19520,1223,1,5,"2023-05-08","Machine under prove any before oil across suffer a beautiful you.",4,"Fine away among."
166,9562,1484,11,2,"2023-09-18","Control around table start your then decision region later wait affect support.",2,"Front continue paper recently."
167,14958,648,29,3,"2023-11-14","Southern teacher half head politics thing.",2,"Forget training indicate radio firm film."
168,5368,1711,30,3,"2023-07-22","Western arm media suddenly staff push.",2,"Build most tell."
169,21,1418,6,5,"2023-08-04","Wide child high section tell course great involve memory catch conference.",2,"Everyone do central."
170,266,867,8,2,"2023-08-21","Relate success sense deal who fund deal rate too total middle you.",2,"Sure look recognize officer."
171,2157,736,7,2,"2024-04-08","Staff large north total American car how class road smile.",1,"Health PM consumer."
172,7702,775,31,3,"2024-03-08","Career nation here cause sell accept cultural.",4,"Activity since million marriage day happen just."
173,11541,110,12,3,"2023-11-09","Argue car first base majority reach science body management will represent seem very.",5,"Individual floor do."
174,3407,1719,6,2,"2023-08-14","Though start article product them this base blood sort though sort ok.",4,"Home kind often live."
175,4080,266,33,2,"2023-08-20","Officer PM end pass prevent measure only than no industry company show.",5,"Course watch administration three agent exactly."
176,16579,1802,26,2,"2023-07-28","Change show space off tend chance money suddenly method when cut.",4,"Central country manager."
177,7163,1289,15,1,"2023-11-01","White among international open require rate mention skill ago short cost.",2,"Give attention inside their interview."
178,266,93,14,1,"2023-11-24","Grow spend see idea well including rule know beat peace president anyone better.",2,"During can instead."
179,3867,592,29,4,"2023-05-03","Good activity clearly include best practice important speech know improve.",5,"Guess audience we report all."
180,11713,1324,23,3,"2023-04-20","Matter never go education likely use.",1,"But own service."
181,4302,359,18,2,"2023-09-08","Tv always which size seem democratic ground system apply.",2,"Either drop thought."
182,10090,1326,26,2,"2023-06-12","Chair involve land TV employee ago movie boy detail drive.",1,"Place interest send."
183,19305,1217,24,5,"2023-05-07","Teach meet attack step subject moment raise admit figure bar method while cut.",2,"Big she maintain third."
184,1196,638,17,3,"2023-07-08","Production specific newspaper yard view view friend.",5,"Yes network possible."
185,6055,1789,22,5,"2023-05-06","Community little indeed change measure teach soon foreign international front improve.",1,"Lawyer fine section degree whole bill."
186,11900,1202,9,3,"2023-10-31","Official skill out certain management president number want need.",4,"Travel oil not do study."
187,7702,779,15,1,"2023-11-08","Significant collection town stand lead threat leave until else dark remember dog.",4,"Leader stop foot everyone first for."
188,21697,191,30,1,"2023-06-23","Seem idea apply woman two manager want take represent professor something herself.",1,"Try bar notice candidate."
189,4302,580,9,4,"2023-07-24","Agency few glass if oil beautiful Mr table special may up hard.",2,"Each strong himself raise model."
190,8929,1555,18,1,"2023-12-23","Know rest dark bill color live fine rather kitchen cultural reason community around.",1,"Star forget develop."
191,18340,1290,32,5,"2023-09-08","Hundred sing perform example teacher benefit leg call once describe site care use.",2,"Spend thank woman think discuss."
192,6899,1300,30,3,"2023-07-22","Down task painting night role visit in worry thank camera defense stay.",1,"Reduce off right report value want."
193,9562,212,27,5,"2024-01-10","Place budget color star forward than.",2,"Leave modern quickly agency."
194,1509,521,12,1,"2024-02-07","Discuss begin receive professional heart watch tax support treatment shake my.",5,"For form nearly sea reflect according."
195,1196,667,16,5,"2023-11-11","Season enjoy offer operation cup white toward.",1,"Prove well push sing."
196,5094,917,17,1,"2023-09-10","Central stop guess central son standard factor hand today.",5,"Hit site still."
197,17114,787,10,4,"2023-09-27","Dark go change early until campaign fire training sign fast.",3,"Better crime run."
198,20915,487,6,4,"2024-01-03","Experience movement various like return suddenly east gas follow former factor course.",4,"My six evidence inside."
199,11155,850,15,1,"2023-07-16","Able leader decade guy everything call raise.",5,"Size within direction administration south."
200,4183,792,27,2,"2023-06-01","Mouth public south window western not game interest common TV hour.",5,"Ever very quickly blood."
201,16579,1170,12,5,"2023-07-22","Leave board learn miss line investment economic seat town either financial at ago.",3,"Clearly help tonight."
202,12073,272,25,1,"2023-09-27","Personal individual record another have home accept us but near including all spend.",2,"Management majority game rock."
