"effect_id","promotion_id","sku","sales_quantity","revenue","comments"
1,47,"f8b6c4cb",410,"7737.25","Above data spend type contain.
Make policy sound. Option summer protect life everything those. In eye none third join international become. Single weight morning time human Mr."
2,78,"81fc2144",316,"17053.91","Force effect rock tree. Manage source attention decade at gun its. Quality must music door policy PM. Stay report relate board send practice seem east."
3,74,"efde4df1",938,"58524.58","Can attention history send trade exactly ago daughter. Town sing commercial start. Husband trip you record."
4,9,"20fef53a",686,"48915.83","Know see relate almost cut side. Too into idea economy community of. Style year of that whatever dark."
5,11,"a9119599",374,"26315.47","Travel seem against artist ball. See kitchen industry trade.
Address modern scene watch read. Similar get rise structure second father. Senior likely food onto skin policy miss."
6,78,"6dbacb86",773,"67763.29","Able dream form eight campaign often. Point explain international yourself."
7,64,"5ae105a7",75,"787.10","Least improve activity government magazine consider. Share sign instead street leader hundred. Fear me hair sense."
8,3,"f7a9631a",198,"12448.19","Base mean figure soldier above. Suffer successful event a rock.
With easy according. Mrs we professional notice better pressure picture."
9,50,"fd2dd703",391,"27913.49","Yeah number want five. Add use low themselves.
Four truth trip meet take any. Skill economic seek idea team keep successful."
10,11,"9174e66e",18,"1391.82","Adult free follow scientist. Probably first defense board whole parent management.
Box hit ready political maybe marriage. Board minute interesting common ball. Sign professor support area."
11,58,"4f08dcd3",924,"71372.64","Scene late strategy president. See hope themselves speak wife describe approach air.
Security either culture discover hand really reason. Thought laugh forget."
12,48,"f49e9ddf",236,"6397.57","Rather article game spring. House prove sound race teacher.
Carry study happy born behind candidate. Light good husband."
13,18,"0ac1b01b",917,"66014.32","Prove pick reason different. Short would mean the tough last help talk. Year property center brother science.
Computer but bill hotel hotel.
Event fast politics artist line."
14,25,"f28eb304",662,"21203.78","Peace beautiful my difficult. Decade general minute begin send. Tax want at necessary civil production maybe south."
15,70,"0ff01686",916,"19520.78","Kind knowledge small environmental. Nation civil test those simply street medical. Near leader budget second form within. Feel finish then onto could color American."
16,92,"b0f6faa9",667,"26113.49","Beat low it reflect treatment democratic pressure. Pick fly leader floor today already information owner.
Thank get rich remain on. Teach represent western eat successful person."
17,60,"f1a33ec3",542,"43768.10","Trouble gas training. Movement society occur fish. Any hour drug measure when national. Budget chance crime kind.
Participant pass foreign during top large. Already PM occur assume."
18,44,"48027d94",190,"13431.98","Open parent people own. Political institution age response three down reach. Base many international.
Issue music success method. Establish movement design city high."
19,97,"214de37b",510,"31461.94","Like me learn budget fish past. Way town generation claim mind current. Summer now across above nice."
20,70,"925c59ca",382,"8319.26","Health century lead friend. Church car determine century or course leave. Just hit help wife night woman."
21,4,"5341e458",404,"40190.07","Never capital read late interest cut. Remain answer operation central. Everyone big democratic according policy family security."
22,88,"b4412b28",831,"22993.04","Must forward letter imagine.
Anything cup story goal nature single computer. Behavior ten type campaign. Along send pull laugh."
23,12,"f1a14871",47,"4134.90","Couple card particular already into language join buy. Share but different vote smile realize. Prepare such hot first nature mission."
24,82,"f2d7d8d8",828,"74586.98","Explain feeling pass. Particularly street thousand should who actually admit check. Whose sing often.
Mission see pressure hold let."
25,54,"671263c2",846,"49935.11","Throughout ball require much. Political mention environment culture past would. Own former provide election drug none. Hit current guy indeed."
26,90,"97f02560",917,"24925.78","Worker could six safe remember behind. Art inside learn.
Program month once sign garden wish staff never. Style tonight protect bag majority."
27,82,"d45eb780",57,"4529.26","Occur toward Mr contain daughter military decade. Hold provide service manager low. Family arm change require lose sister."
28,68,"bfb5df40",934,"10167.45","Perform present bit chair blood hold. Debate result movement fill.
Between actually enter story leave one animal add. Rest wrong organization doctor body very. Another positive music as religious."
29,96,"2b1fc48d",336,"17047.40","Type single least threat five there actually. Two read morning."
30,77,"54da42a1",487,"42369.13","Real plan which. Very family improve worker. Science while art computer put response.
Mean skin art father or between hope."
31,90,"d3e070ae",864,"69702.79","Student suggest garden every firm why again. Student three some fund edge.
Morning because week. Wide professional decade build same cultural."
32,10,"3bcb6b35",144,"5210.24","Room make region science. Field window full herself.
Service popular send anyone challenge generation forget let. Student attention society poor minute."
33,99,"4dad7eeb",630,"16963.92","Goal step quickly. Travel time option maintain appear stand agreement.
Success address leg work economic sure movement. Window science ok bank open movie. Against film high which someone lead court."
34,72,"5ec553e2",109,"6773.35","Sometimes close determine concern. Build choice amount.
Level like challenge whether sure. Meet series quite.
Network price summer represent some off. Movement argue hour still move drug during."
35,60,"52f6c81e",532,"38352.07","Field campaign speech seat approach always. Republican outside he baby between.
Many water dinner. Group why job oil bank foot day give. Ball measure note one serious level focus."
36,18,"cc3f4e64",369,"25508.38","Try sister successful run. Pay future think account near huge east. Find policy expert human space.
Test station cultural sit data election. Play middle event."
37,22,"7949bea7",655,"21267.75","Score my begin. Team ever beyond report situation.
Process race first present continue wide something. Do deal play always government there."
38,49,"a02776ef",50,"3887.04","Help interesting hold important until on painting field.
Adult there serve."
39,58,"29ee908f",671,"30665.78","Everything race year practice. Family two play trial often. Imagine sometimes should concern great letter."
40,24,"443fc556",769,"11164.87","Program phone news beautiful rate process father material. Data act today often rise. Far art debate nor board table."
41,43,"8fa56234",603,"36515.84","Cell matter treatment miss lose. Dream one Congress may home break. Teacher either president.
Force state bill fact maybe country church. See pick explain."
42,21,"8e7af562",164,"11540.59","Suffer prevent very need many. Media style hour thus.
Another have ten all huge research business. Sister government alone ball.
Force west different then."
43,46,"ee3e6e05",277,"11168.37","Pay sure support life national let author animal. Wall number believe item entire themselves. It campaign pass choose."
44,18,"b9caaf14",476,"43959.58","Rise note majority real measure speak bank until. Down between fire. Environmental like rule.
Opportunity news care head than but. Often clearly game everything."
45,24,"33f7724b",469,"29951.14","Significant good course work goal. Somebody employee reality leave create. Kitchen pattern throughout today left bed not."
46,67,"29ee908f",718,"43086.36","Anything six send author pull discover old development. Floor same then per adult deep they.
Gun wonder character bank billion manage. Past keep very American."
47,78,"3a9ec50b",128,"10258.41","Citizen control watch simple fall million. Year within good join.
All be meeting reason senior machine. Keep might reason side. Into avoid machine present experience."
48,92,"5aa769bc",392,"37461.17","List say herself answer game theory. Memory describe type office.
Old allow travel seven before right across. Suddenly image college stuff smile would number. Result within system."
49,26,"6ff5a016",209,"15544.38","Nation parent long military manage memory hot star. Amount describe partner small man most much. Memory today black help.
Your fly life support national town visit. Spend attorney church sound plan."
50,5,"53752330",923,"91557.68","Continue grow short reflect trade goal. Think citizen special budget production source continue. Card store me once know surface. According north throughout end."
51,2,"a6268c47",251,"3197.50","Clear type through also around.
Piece live career which. Enjoy police miss pull guess full avoid.
End whatever hospital money understand him. Commercial get improve rather."
52,25,"c0d5e573",935,"83604.58","Activity community anything summer training from rule. Glass different guess different use.
Represent better especially go responsibility. Player success protect old structure."
53,42,"14f2efd2",40,"827.72","Tonight fire list build why five born few. Order fall state sit modern. West understand cost describe economic she.
Shoulder whose meeting. Man traditional main technology ahead."
54,69,"830cdafc",370,"33962.51","General movie heavy edge indicate seven. Defense theory PM magazine your. Class card continue matter she southern official."
55,20,"4b0bab1c",450,"32497.70","Two pattern action population. Understand officer entire.
Option finish eat production suggest get. Wish old customer for. Positive new be result financial raise."
56,15,"a5d596b5",452,"33232.58","Travel new mention debate song around discover church. Thank for word reason church. Him hour analysis news."
57,59,"3b7077d8",104,"5540.39","Argue east make out none. Week nearly half word bar. Rather expert father serious quality.
Late moment small. Keep guy place necessary there line air. Pick song six rule two activity door party."
58,73,"0cb7555b",640,"43357.31","Him hope special contain. Deep animal remain work.
Fall responsibility young year east fall rest. Able at budget evening stand."
59,48,"01c9a17a",52,"2808.12","Kind nothing five same board soon above.
Others her child happen impact rich specific. Area size parent standard simple despite."
60,73,"14f2efd2",467,"16700.61","Become dark difficult sense. Left option poor attention. Board most age Mr.
Production sport trade small parent. Series third if.
Think south another point house claim. Single hundred federal."
61,78,"81fc2144",887,"34699.02","Generation purpose necessary while issue. Early wife Mrs the.
Office test often question agency. Now shoulder move. Perform city sign happy administration."
62,73,"3ff11c40",632,"27386.66","Live same new analysis fill upon course movie. Decide military position wife party. Away spend environment yard."
63,25,"e30894cb",257,"3468.40","Stock but assume know reveal young. Office human church boy.
Per feel bag major race program allow. Animal ahead service later mission tax as way. Movement industry once investment."
64,20,"e6d8b1fc",700,"68323.32","Check hot action only. Thought leg age game worker role.
Nation recognize past should first. Three threat with audience trial peace. Since toward cost team. Ready outside leg debate."
65,70,"0243125f",338,"5099.57","Thank measure case deal good be idea. Data it ok among red deep stop. Marriage explain dinner current.
Recognize machine evidence summer feel. Take meet project into wide itself let."
66,17,"671263c2",242,"5116.48","Feeling he the ready or. Yes modern nor say. Pay north think drug section.
Meeting someone resource offer water policy general. Within arrive base chair evening camera member. Summer wrong lose."
67,30,"4b5b81d4",793,"60505.46","Enough floor of. Compare want single. Series nearly could worker.
Main in represent finally agent camera site. Sense attorney movement us. Seek top along finally any face."
68,85,"9e8f90cb",667,"34572.75","Fly education since news staff. Whom show meeting individual decision black road. Without cell join mention near land."
69,33,"17f18528",915,"21084.14","Senior week few general travel usually this. Down step common.
Record such idea ground according work. Crime thought factor participant class strategy. May though top bed."
70,16,"84f6954d",715,"10352.14","Wind hospital increase maybe happy why.
Couple heart study alone. Hand range process the speak follow candidate. True group south idea source value represent.
Job well beyond building."
71,10,"1872f417",509,"13378.54","Both business nature state crime crime. Address thousand service. Successful manage fund too."
72,83,"da092304",174,"15707.54","Choice that next ball couple. Until dark remember baby agency life machine strategy. Man get case."
73,66,"7bf1bea8",343,"23490.04","Able along west around history free record. Power floor just against physical more foot push."
74,83,"01ed7a19",657,"45172.96","Particular produce admit five smile history I. Already consumer show those gun."
75,1,"1c618a9e",652,"24944.10","Available somebody six bar member husband. Some miss know new southern. Player impact red trade film green resource."
76,32,"3d4e4852",640,"63362.41","Officer first fine blue pay shake.
Explain various organization pass need wide window. Government grow benefit however audience continue catch. Fish coach much force operation who."
77,82,"025cf05f",841,"76156.69","Consumer but animal miss he attorney. Heavy open house peace lay issue. Light physical father."
78,32,"65c09ed5",61,"1379.27","Dream bag economic local never mouth face. Organization turn debate scientist opportunity. Member movie experience yet month."
79,60,"4511dba6",198,"5896.08","Middle offer key travel. Bill movie live less figure sea at.
Its a actually hotel and but treatment involve. Summer somebody they. Democratic whatever model trade perhaps he start positive."
80,37,"320fc589",501,"15734.80","How mention push. Particular make us only.
Learn wear enter determine know clearly. Tree into support standard water line actually son. Real trouble consider past get data campaign."
81,81,"f60f9665",847,"31010.23","Among reach agree social physical movie reach. Card gas artist offer gas baby lot. Position quite take hold. Power hand which develop player dark find design.
None easy head require dinner."
82,44,"025cf05f",838,"55128.68","Huge strong war none commercial. Country prevent decision series police leader."
83,87,"881a8f2f",935,"40076.63","Life child reflect meeting involve. Recently teacher value claim. Phone include music number close return exist."
84,28,"dfda8fed",298,"21916.23","Yeah pretty well local head. Receive learn no step other.
Themselves show give total. Enjoy opportunity process necessary. Face goal reason door wish fast."
85,68,"2084770d",13,"165.23","Sound contain staff social writer financial. Single control wall fear couple from. Church power top stop maybe."
86,89,"9b08b040",316,"15331.89","Prove near capital police serve. Federal world wrong unit. Mrs other claim agency successful contain.
Argue peace current market the. Reason final skill."
87,16,"86f30f1f",518,"50870.56","Various nearly for low game form dinner child. Successful name fight soon far usually again great. Seven arrive business interesting feeling."
88,66,"245e73fb",208,"7656.57","Stuff can upon lot total. Form politics director. Citizen really soldier.
Summer thing perhaps PM officer. As government size response commercial talk cover hospital. Cup your north large him."
89,13,"0db35b0a",52,"598.08","Skill officer on tonight camera piece firm. Data blood popular land me hope."
90,92,"ddbc59df",80,"5717.91","Break media new parent director toward notice. Ready man fire think article seven piece. Put none exactly company."
91,20,"1bd4b710",511,"37576.23","Heart term heavy change Democrat. Image cost hear military policy leg."
92,8,"abe074d7",581,"54560.91","Often city performance learn. Teacher say action security reveal third kind. Why listen may structure none bank avoid system."
93,34,"4749ee7c",169,"6951.01","That beyond give make. Home run sport meeting deep such campaign. Magazine hand south cell. Someone either camera reason share discussion."
94,24,"431ef81e",123,"5641.94","List subject well shake kind physical thought. Start better hundred dark police history tough.
Woman somebody rich concern matter say possible. Inside raise reduce."
95,51,"ae613760",137,"13072.17","Individual quality style several easy establish Democrat. Edge national trial people there technology parent ask."
96,73,"db86b1ec",848,"39792.53","Nothing rate white behavior weight your.
Source activity miss address. Response central direction do easy. Indicate black could ball available."
97,84,"55d0ea1c",738,"23285.76","Ago us reach clearly this spend oil. Clearly administration owner. Increase assume parent record painting realize.
Worker major people everybody report. Assume hold look present own candidate."
98,83,"6770411c",738,"13206.51","Writer analysis yeah lead. General kitchen wall family then. Lose debate newspaper home. Not course suffer man practice.
Us second one before apply. Worker popular according rise degree industry."
99,36,"1df15069",423,"41245.87","Prove beyond clear central.
Page particular mention fine bar option identify leave. Class past receive agency film. These media anything camera arrive.
Shake skin ever fight dark wrong everybody."
100,16,"01fe1407",607,"46454.40","Cold community tell reduce.
Either current player point deep much knowledge shake. Above nation physical where.
Without than win. Throughout else tonight art article. Ago rate paper what study."
