"promotion_id","promotion_name","store_id","start_time","end_time","description","discount_percentage"
1,"Customizable methodical throughput",4,"2024-04-02 18:34:01.041279","2024-04-14 18:34:01.041279","Suggest write some clear money. Learn worker body one example everyone impact amount. Various lay friend claim win change toward.","28.20"
2,"Centralized reciprocal attitude",5,"2024-03-22 21:42:42.262873","2024-03-25 21:42:42.262873","Ok speech none remember every money. Reveal father manage cost.
Help star go imagine close article. Allow appear man baby.
Top where want big power try. Television contain despite money business.","16.21"
3,"Triple-buffered full-range throughput",2,"2023-08-24 04:08:42.873091","2023-09-03 04:08:42.873091","Administration cause heart why result. Machine young one not live.
Scientist newspaper nature daughter. One but when decision sing nation those. Case trouble from course lawyer notice base likely.","18.05"
4,"Function-based mission-critical throughput",4,"2024-01-24 15:54:45.901669","2024-02-05 15:54:45.901669","Remember poor traditional answer explain popular. Management know modern instead actually.
Party without song purpose. Lead learn mind deep culture time. Center wife against risk later how stuff.","5.19"
5,"Progressive secondary strategy",3,"2023-08-22 10:12:36.555421","2023-08-30 10:12:36.555421","Local employee news explain safe. Less himself difficult. Stand determine local size.
Oil degree against source body. Reflect discussion modern. Ago a lead development dog effect.","8.24"
6,"Programmable real-time website",1,"2023-05-31 17:53:57.525483","2023-06-13 17:53:57.525483","Collection during result national them white. Anything many break summer field soldier week. Coach another trip save yard sister government. Us court skin teach.","7.74"
7,"Integrated logistical firmware",2,"2024-03-02 00:24:28.726928","2024-03-04 00:24:28.726928","Key music write moment very. Born manager name. Speak heart spring student.
Head parent hold. Sound appear cold author subject you. Station coach pick establish every beat still audience.","8.02"
8,"Diverse eco-centric framework",5,"2023-09-09 09:13:41.358963","2023-09-21 09:13:41.358963","Mother worry PM pull nature attack. Learn throughout century different we bring. Degree third trade opportunity.","43.53"
9,"Exclusive web-enabled forecast",4,"2023-06-29 12:41:23.924601","2023-07-03 12:41:23.924601","Course billion hear difference. First wide sense develop. Foreign just use necessary hear.","43.05"
10,"Inverse systemic initiative",4,"2024-04-03 08:38:15.328654","2024-04-09 08:38:15.328654","Staff about source teach fact camera speak. Risk station board this here listen glass. Quality executive attorney product woman.
Bill mind single stay. Benefit any history baby who peace.","32.98"
11,"Enterprise-wide tertiary artificial intelligence",3,"2024-03-26 05:03:09.594404","2024-04-05 05:03:09.594404","Up mother share lose friend training. Hot senior newspaper skin. Station role describe end level simple cell.","21.04"
12,"Synergized neutral website",5,"2023-07-04 14:41:18.811242","2023-07-17 14:41:18.811242","Performance kid perhaps consider price drug hope. Only student crime yourself none ago rich. Factor challenge production religious send now six.","15.66"
13,"Total upward-trending workforce",2,"2024-01-31 07:14:25.49031","2024-02-03 07:14:25.49031","End phone fine four require course line. Bed indeed scientist own employee behavior. Recognize rise rate.","28.68"
14,"Visionary full-range functionalities",4,"2023-06-29 10:53:43.040619","2023-07-03 10:53:43.040619","Particular community low respond.
Late nor environmental one easy movement tell. However heart if anything. Us bring section modern. National Mr off public structure dark list.","21.81"
15,"Multi-tiered logistical Graphical User Interface",1,"2023-06-15 07:18:53.88622","2023-06-29 07:18:53.88622","Generation court wear plan down summer. Outside share provide same film in.
If oil stop write.","31.38"
16,"Customizable asymmetric pricing structure",2,"2024-03-19 16:04:29.747812","2024-03-28 16:04:29.747812","Through all generation general economic all. Option cut though few might girl. Hot city area Mr it world administration raise.
Amount star prepare view especially. Where simply plant our strong.","21.60"
17,"Object-based next generation emulation",3,"2023-11-02 15:50:51.011699","2023-11-15 15:50:51.011699","Trouble part skill organization need within foot. Pull main my challenge site full.","48.16"
18,"Robust bi-directional firmware",4,"2024-01-22 18:34:45.383123","2024-02-05 18:34:45.383123","Just lot can color.
Institution range thousand every explain determine. One partner tree left stock only she.","27.76"
19,"Phased fault-tolerant focus group",1,"2023-12-04 08:22:34.852057","2023-12-12 08:22:34.852057","Center fear alone government business. Thousand pressure attention product involve move. Discuss this type wait also. Popular else believe arm data evening.","40.92"
20,"Reverse-engineered user-facing process improvement",1,"2023-11-14 22:21:42.413489","2023-11-15 22:21:42.413489","Choice instead moment ever development development. Care production main will.","6.84"
21,"Up-sized scalable functionalities",1,"2024-03-13 16:59:28.867242","2024-03-15 16:59:28.867242","Education seek reflect nothing worker current. Site writer eye American third teacher.
Movie couple clear board understand week. Recognize realize thought north plant now opportunity.","39.17"
22,"Multi-tiered 3rdgeneration middleware",1,"2023-08-26 15:09:20.567819","2023-09-04 15:09:20.567819","Catch attack cost rock choice soon. Fly likely crime check religious crime. Field us throw series evening tonight.","43.71"
23,"Networked leadingedge implementation",2,"2023-04-27 12:38:42.847171","2023-05-11 12:38:42.847171","Though improve perform order. Common able nation four pattern drug thank. Thus whatever carry treatment. Hospital voice perform market decade become.","36.84"
24,"Multi-tiered methodical software",2,"2024-02-17 14:18:38.612891","2024-02-20 14:18:38.612891","Less something own else. Keep some soon rest especially. Action way lawyer each practice.
Decision strategy who soon black chance. Hope treat message environment study.","29.10"
25,"Triple-buffered high-level budgetary management",1,"2023-07-01 05:04:48.164998","2023-07-13 05:04:48.164998","Be serious ever policy find. Cover each hold include process catch specific. Number eye summer main baby then Republican.
Certain stuff enter throw than that. Station begin people so newspaper.","13.66"
26,"Seamless multi-state artificial intelligence",4,"2023-05-29 04:50:34.402259","2023-06-11 04:50:34.402259","Dinner student land however according necessary week. Public now a sound candidate. Friend cut beat politics entire. Price theory so what detail capital community.","7.37"
27,"Multi-lateral contextually-based encryption",2,"2023-10-15 10:59:01.599884","2023-10-28 10:59:01.599884","Operation song team others during test continue. Ok control again adult close. Worker available scientist finish fast product.","12.39"
28,"Horizontal encompassing analyzer",4,"2023-06-29 13:41:14.065815","2023-07-09 13:41:14.065815","Reduce our those economy gun. Anyone exactly trade hair wall rock. National smile least answer talk.
Even blue some sound high. Away sing person bad of quite newspaper.","24.28"
29,"Ameliorated optimal attitude",3,"2024-01-06 12:17:45.763594","2024-01-20 12:17:45.763594","Yard born rather might many. Dinner while let artist season size. Make participant writer language book soldier bring.
Form building reality including run the among.","16.71"
30,"Cross-group human-resource interface",3,"2024-02-29 11:44:12.351591","2024-03-07 11:44:12.351591","Party drug near usually should military. Culture letter able future everybody drug family. Law pick service hand. Week trial Mrs white.","40.07"
31,"Triple-buffered bandwidth-monitored circuit",1,"2023-06-28 00:32:49.203715","2023-07-05 00:32:49.203715","Effect else rich enjoy return apply. Traditional total deal religious walk total. Day most white difficult ago.
Age their collection fight. Information service image right case probably heavy true.","34.08"
32,"Seamless bi-directional open system",2,"2023-12-24 19:14:29.625648","2023-12-26 19:14:29.625648","Through food budget. Front majority according inside response usually.
Something manager body some student. Senior side responsibility plan here employee would follow.","36.82"
33,"Pre-emptive foreground access",4,"2023-10-09 15:35:30.088107","2023-10-20 15:35:30.088107","Poor tax old wait air left name. Anything hand management section do one call great.","29.85"
34,"Reduced attitude-oriented application",1,"2023-06-15 02:35:39.915738","2023-06-23 02:35:39.915738","Respond remain whatever remain administration.
Enter different heart beautiful security Republican step. Community information yet white continue real speech.
Resource not through because.","10.08"
35,"Distributed mobile core",4,"2023-12-14 18:58:50.703697","2023-12-21 18:58:50.703697","Company his none your letter price. Cover out activity attorney analysis president.","11.22"
36,"Front-line composite protocol",4,"2024-02-05 16:54:02.696629","2024-02-07 16:54:02.696629","Relationship body often kid. Real do professor.
Star Republican point model find. Various its only.","46.96"
37,"Secured solution-oriented structure",2,"2023-12-06 11:13:36.062047","2023-12-19 11:13:36.062047","Movement price thank thank maybe let. Attorney vote choice way specific medical military.
Agree century sometimes message able example. Which over well read finally.","32.37"
38,"Horizontal zero-defect middleware",4,"2023-04-22 17:15:20.433131","2023-04-27 17:15:20.433131","Party knowledge couple live Mrs.
People they but four identify TV energy.
Feeling its American yourself. Continue within learn thing reduce. About unit mouth success could see.","21.64"
39,"Public-key contextually-based firmware",4,"2023-08-21 09:38:08.404662","2023-08-28 09:38:08.404662","Actually draw plan than special. Give no hot stuff director front. Total movement make explain stage.
Support put college provide. Order sister sing open.","22.16"
40,"Synergized user-facing complexity",1,"2024-02-07 02:57:47.62025","2024-02-18 02:57:47.62025","Middle along outside start safe plan. Shake of support know arm act. Radio cover today window word dark and.
Attack of any. Change third order treat else.","37.69"
41,"Proactive multi-tasking framework",2,"2023-09-02 03:37:11.274024","2023-09-04 03:37:11.274024","Hotel assume sell tend. Education court realize while. Figure itself small through argue though.
Attorney family accept serve other physical.
Wife we Mrs. Pattern foreign mind arrive parent.","35.65"
42,"Profit-focused stable analyzer",5,"2024-02-01 19:03:12.077688","2024-02-03 19:03:12.077688","Easy shake resource. Week hard manage offer time next improve. Little month create either blood walk.","6.16"
43,"Synergistic upward-trending collaboration",5,"2023-10-22 17:49:17.041176","2023-11-01 17:49:17.041176","Bed fire either against peace fire Democrat. Still stay writer where have. Area lay blood item.","39.72"
44,"Horizontal reciprocal solution",5,"2024-01-20 11:26:04.859739","2024-02-03 11:26:04.859739","Bring book rich view student. Message so stand.
Maintain walk wind successful. Develop billion within later myself thank.
Number my baby fight owner look. Lay ahead base could play car.","28.45"
45,"Proactive systematic analyzer",3,"2023-11-07 06:44:00.062797","2023-11-15 06:44:00.062797","Black score skill. Break expert site quickly Congress ask challenge blue. Style standard project would loss.
Safe lead enough. Nearly why police body mission.","17.95"
46,"Customizable bandwidth-monitored database",4,"2023-12-21 11:41:21.737561","2024-01-01 11:41:21.737561","Money week represent final similar. Against early education each run contain letter. Determine product choose smile big.","21.89"
47,"Synergized systemic ability",4,"2024-01-18 15:54:33.02897","2024-01-21 15:54:33.02897","Modern mean less simply cause. Office rate star age son lead. Soldier statement reach single bank must option.","5.59"
48,"Multi-lateral mission-critical conglomeration",1,"2024-02-07 05:29:57.85304","2024-02-08 05:29:57.85304","Magazine before energy research Congress trial past. Work of measure brother evidence call themselves.
Land process until career chair. Treatment certainly fast air as.","12.97"
49,"Virtual bottom-line interface",5,"2023-08-30 22:18:52.580554","2023-09-09 22:18:52.580554","During seem single attack determine. At human new oil common relate. Traditional machine middle.
Produce finish maintain cost store work forward. Place wonder think man. Beat man finish.","34.54"
50,"Profit-focused foreground open architecture",4,"2024-01-30 23:22:08.179551","2024-02-02 23:22:08.179551","Candidate sense us section father task possible least. Environment apply next action. In happen take serious edge keep. Common pick voice experience late nature.","41.85"
51,"Adaptive content-based array",3,"2024-01-12 21:37:42.316822","2024-01-18 21:37:42.316822","Time true modern him prepare. Movie red reveal economic sit surface Congress. Discover million modern way through reveal size.","26.22"
52,"Right-sized full-range utilization",4,"2023-12-29 15:12:33.917581","2024-01-12 15:12:33.917581","Network sister them serious various soldier more company. Gun speak try campaign. Ball pattern stop official quality easy down. Arrive sing effect home form yes into.","21.03"
53,"Front-line empowering productivity",1,"2024-01-27 04:46:59.217808","2024-01-31 04:46:59.217808","Begin several conference performance meeting. Above close two language think lose explain range.","49.35"
54,"Function-based demand-driven open architecture",2,"2023-09-23 08:02:51.219422","2023-10-03 08:02:51.219422","Career view consumer and power. The indicate compare there lot teacher country.
Oil including film begin range state. Whose force trade. Provide item perhaps base interest claim fund.","26.40"
55,"Triple-buffered dedicated migration",3,"2023-12-14 10:09:00.627797","2023-12-22 10:09:00.627797","Mr door contain land less know whether. Watch challenge work. Huge above so result play. Too economy cause.","11.65"
56,"Reactive local project",5,"2023-10-13 08:52:44.690579","2023-10-20 08:52:44.690579","Long really green sing. Provide sound design. Treat nothing sometimes study skin population represent.","26.27"
57,"Customer-focused didactic collaboration",5,"2024-03-23 07:14:13.377347","2024-04-03 07:14:13.377347","Outside accept a generation experience popular. Artist easy attorney group turn player.
Cause wind process education story might director sometimes. Test machine use environment financial suggest.","6.00"
58,"Ameliorated discrete leverage",1,"2023-06-04 11:29:17.063127","2023-06-05 11:29:17.063127","Democratic apply let they scientist term store. Morning ready base itself.","14.50"
59,"Persevering encompassing initiative",5,"2024-01-11 12:53:00.098372","2024-01-13 12:53:00.098372","Mother each health relate. Wife easy less training significant toward page end.
Spend far subject prove. Easy build trade news movie forward.","15.68"
60,"Profit-focused even-keeled paradigm",5,"2024-03-05 04:55:27.029714","2024-03-06 04:55:27.029714","Mr street television course. Interview inside expert pay form choose direction. Suffer next why radio.
Skin new a.","27.27"
61,"Pre-emptive 6thgeneration initiative",3,"2024-03-26 17:46:34.713429","2024-04-04 17:46:34.713429","Form situation yeah toward city. Rise pattern late room grow. Who herself see simply town.
Him policy score bit.
Memory this other market understand glass. Drive center second once cold nation big.","15.75"
62,"Face-to-face cohesive support",1,"2024-04-10 07:51:23.39871","2024-04-14 07:51:23.39871","Cold federal stop reality industry. Sound or sometimes floor put chance say state. Meeting gun contain light.
Fast call he in politics. Very community house.","19.60"
63,"Future-proofed high-level installation",1,"2024-02-01 13:34:12.775736","2024-02-15 13:34:12.775736","Relationship increase Congress its. Concern lose beautiful democratic watch difference. Country instead choice strong economy glass operation.","8.26"
64,"Compatible systemic secured line",5,"2023-06-26 07:36:57.448829","2023-06-28 07:36:57.448829","Field born cause entire. Measure physical know employee heart determine send. West social compare then discuss. Green baby late mission major down accept activity.","49.31"
65,"Mandatory multi-state open system",1,"2024-01-06 22:25:46.624408","2024-01-15 22:25:46.624408","Should PM media night. Student there leader. Line garden black nation glass ability during.
Ball shake energy oil put choose. Serve watch off woman international. Or reason born century yeah stop.","8.19"
66,"Right-sized disintermediate access",1,"2023-10-27 12:46:19.627821","2023-11-08 12:46:19.627821","Soldier smile pay hot. Professional alone lot too tell computer win.
Factor goal role without term cover movie. Test use compare push. Direction everything look meeting large.","24.38"
67,"Realigned non-volatile neural-net",3,"2023-10-11 02:38:12.580357","2023-10-24 02:38:12.580357","Money plan require name himself. Much ever call produce.
Let morning short minute outside. Them box agreement parent commercial south.","19.44"
68,"Programmable upward-trending contingency",4,"2023-07-18 20:23:12.401169","2023-07-23 20:23:12.401169","Prepare something walk through dinner air defense. Nearly thus so. Me five hospital know enough.","21.98"
69,"Phased needs-based utilization",5,"2024-03-02 20:08:43.107179","2024-03-03 20:08:43.107179","Size set style course produce wait environment bit. Make pressure lay medical government.
Chance point seat media whole. Foreign attorney between total.","40.43"
70,"Virtual transitional core",4,"2023-12-29 03:24:29.670665","2024-01-08 03:24:29.670665","Memory feel table same watch visit likely. Red moment opportunity guess.
Help tonight financial under wind Democrat. Lawyer fall push already determine down read.","49.67"
71,"Polarized asymmetric Local Area Network",1,"2023-05-30 10:37:27.38942","2023-06-05 10:37:27.38942","Hour story study record father four ground. Establish stuff tough both less lay form.
Week customer question. Between try give relationship surface.","41.06"
72,"Switchable demand-driven conglomeration",4,"2023-09-23 01:18:13.595423","2023-09-26 01:18:13.595423","Entire soldier culture my watch. Weight quite agent gun sea thus main. Stage government walk tonight.
Store around interest college. Since how able. War power tonight.","18.99"
73,"Self-enabling global project",4,"2024-01-25 19:52:36.974432","2024-01-27 19:52:36.974432","Ago line country change. Strategy dream item six figure test training describe. Term where race society school space.","31.93"
74,"Face-to-face homogeneous intranet",1,"2023-05-22 18:40:00.461298","2023-05-24 18:40:00.461298","Fear skin could issue. Manager pattern once page even.
Population scene big ask make beat.
Window rate use cut individual. Condition city fire because ball room. Have skill suddenly seven bad third.","36.90"
75,"Proactive even-keeled extranet",1,"2024-01-17 15:29:10.275927","2024-01-28 15:29:10.275927","Power mention population yard shake. Bar newspaper process cultural able style.
Let wonder respond research style follow. Value tough according worker look statement. Leader fine think fall.","16.07"
76,"Down-sized mission-critical forecast",3,"2024-03-28 15:44:13.165621","2024-03-30 15:44:13.165621","State we source structure above seek watch. Laugh not loss kid place design international. Common science research certainly color arm. Point around heavy anything phone major nothing.","38.08"
77,"Distributed 5thgeneration attitude",4,"2023-09-27 13:25:49.523241","2023-10-02 13:25:49.523241","Address analysis the. Early realize great buy produce. Easy later us possible.
Notice baby world image. Visit rich management may. Budget guess media.","13.80"
78,"Seamless encompassing Graphic Interface",4,"2023-08-12 20:59:06.136181","2023-08-23 20:59:06.136181","Some soon especially represent.
Analysis institution either likely.
Receive southern technology weight painting offer. Room side degree any write reason idea.","20.00"
79,"Configurable client-driven leverage",3,"2023-10-13 01:59:37.596336","2023-10-19 01:59:37.596336","According ball land kitchen.
Student likely bank before smile full people. Hair especially and.","17.02"
80,"Streamlined static architecture",5,"2023-06-30 18:51:42.528","2023-07-10 18:51:42.528","Adult magazine benefit executive her drive industry side. Every company ten senior place usually full.","43.80"
81,"Grass-roots systemic portal",4,"2023-07-12 12:33:05.427925","2023-07-21 12:33:05.427925","Success sometimes drug deep. Environment south positive. Form run material watch site.
Return amount wife end.
Pull now hear but leave end. Say national modern although.","16.35"
82,"Fully-configurable attitude-oriented array",4,"2023-07-20 21:41:18.291757","2023-07-22 21:41:18.291757","Sure certain source green. Main who nearly. Mother marriage religious cut magazine.","23.85"
83,"Robust clear-thinking algorithm",4,"2024-02-28 05:56:29.641278","2024-03-07 05:56:29.641278","Popular campaign mind. Beyond individual travel child Mrs catch walk.
Office unit role. Foreign success hundred identify.
Might never car. Perhaps attack national too billion. Soon million doctor.","47.23"
84,"Managed local encryption",4,"2024-01-15 04:16:57.573927","2024-01-27 04:16:57.573927","Training commercial Democrat. Section what suggest thing sound card night. Our effect reason ever list morning receive design.","24.87"
85,"Right-sized system-worthy archive",4,"2024-01-24 13:13:46.526999","2024-02-02 13:13:46.526999","Return property north ready deep. Audience option ahead cover. Budget subject field bring discover.
Some notice yet green star security word response. Party sister remember authority soon surface.","37.29"
86,"Proactive object-oriented open architecture",1,"2023-04-28 00:08:46.908569","2023-05-09 00:08:46.908569","Pass nation increase surface figure program blood every. Science sister hard market soon. Move reduce floor arrive summer. Media world sometimes.","46.58"
87,"Sharable national architecture",4,"2024-01-09 03:37:37.625973","2024-01-18 03:37:37.625973","Military participant large training Mrs when.
High far player citizen fire be look. Former success about capital west.","46.63"
88,"Progressive encompassing conglomeration",3,"2024-03-20 02:04:26.774518","2024-04-01 02:04:26.774518","Thing stuff according read appear note quickly pressure. Center knowledge vote recently born. True identify security because.","31.16"
89,"Multi-layered national functionalities",1,"2023-08-04 18:25:11.939693","2023-08-17 18:25:11.939693","Put the series rule. Risk professional spend figure cause news discussion them.
Court black need and fast simply. Affect work black level.
Black lot than region organization. Run blood book exactly.","45.85"
90,"Persistent local Internet solution",4,"2023-12-17 16:50:34.836574","2023-12-25 16:50:34.836574","Especially reality special. Whether culture research site.
Article management final agency. Wear staff which little research rate rise.
Democratic receive similar hold. Red often north hour worry.","24.47"
91,"Programmable tertiary archive",1,"2024-01-31 22:10:48.753996","2024-02-08 22:10:48.753996","Determine determine character also recent fine.
Lay any each better important. Yeah professional newspaper nearly different growth customer. Issue born read walk region ok particularly enter.","29.71"
92,"Multi-lateral homogeneous synergy",1,"2024-01-24 22:10:58.736051","2024-02-01 22:10:58.736051","Push sea fight black born car long card. Discover leader during.","29.25"
93,"Assimilated foreground hardware",4,"2023-07-23 16:16:02.221976","2023-07-29 16:16:02.221976","Each clear could meeting idea card both current. Suddenly pretty successful enter.","13.36"
94,"Multi-tiered bottom-line firmware",1,"2024-03-13 08:13:10.484393","2024-03-25 08:13:10.484393","Base us individual movie management. Available ability great effort. Back though painting big son minute computer section.","25.20"
95,"Sharable clear-thinking ability",5,"2024-04-10 18:59:47.335174","2024-04-15 18:59:47.335174","Model never none. Manage minute should low order next audience anyone. Future appear poor friend race from.
Energy too painting along concern great. Memory interesting window economy defense.","48.78"
96,"Quality-focused real-time time-frame",3,"2023-12-19 09:31:59.065401","2023-12-26 09:31:59.065401","Heavy pay again writer total several lead thought. Bill before ball firm law bed. Hit north trouble enjoy happy.","6.88"
97,"Cross-group multi-state hierarchy",3,"2023-08-03 17:57:22.10941","2023-08-16 17:57:22.10941","Book individual draw require range our difference. Player fund need memory involve artist. Account cold physical water.","25.26"
98,"Pre-emptive dedicated knowledge user",4,"2023-07-08 07:48:26.331167","2023-07-13 07:48:26.331167","He although she job rate charge rich note. Without our order national idea. Movie herself attention ahead cause quite what.","35.78"
99,"Right-sized needs-based project",2,"2023-06-20 20:51:20.582803","2023-06-24 20:51:20.582803","Every child talk Democrat job turn. Training together poor national site great enough. Score east resource unit major.
Knowledge hold event. Issue with heart understand leg hour ball.","14.20"
100,"Monitored analyzing access",3,"2023-10-04 04:37:48.73666","2023-10-15 04:37:48.73666","Our always everyone soon project establish.
Ten stuff learn dinner order hot seven. Human seven clear view reflect.","16.73"
