"return_id","order_id","customer_id","product_id","store_id","return_date","reason","satisfaction_level","action_taken"
201,20532,1233,17,2,"2023-07-20","Prevent whether front but media be personal matter real.",3,"Since suggest scene both hold."
202,18391,27,32,3,"2024-03-13","Expert before town remember view social leg mouth condition.",1,"Keep southern from need."
203,7731,411,14,1,"2023-12-21","Only TV magazine town rich voice why economic alone knowledge along effect.",1,"Political able million mean offer fact."
204,2017,1531,16,1,"2024-02-25","Trial writer why turn unit think market order democratic.",1,"Region kid region film significant term."
205,12922,824,10,2,"2023-12-31","Book those protect way south marriage consumer ground area best.",5,"Next discover end respond almost could."
206,9703,1532,8,3,"2024-03-02","Look fish price little theory hundred learn rate gas.",1,"Wrong cost argue explain time."
207,12650,1843,27,2,"2023-06-22","Again treat way mission increase tree either reduce relationship.",1,"Attention none way daughter."
208,7663,199,1,4,"2024-01-11","Price live father hot teacher remember during poor it a season of change.",5,"Beautiful serve girl market."
209,13966,335,12,2,"2023-05-23","Image budget possible decide open lawyer soon great summer Mr democratic story floor.",5,"Magazine task beat into."
210,14108,227,16,3,"2024-01-05","Care recent both remain should today floor green most lot according.",5,"Hotel though exactly about."
211,19800,326,8,4,"2023-05-07","Fact rate million staff allow section.",1,"Box exist cut."
212,6080,128,28,5,"2023-10-26","Along main responsibility break during cultural mission.",4,"Despite establish article word fast police."
213,18073,1427,22,1,"2023-09-11","Office involve four example quality force war thousand radio three where.",1,"Our discover room camera process choice."
214,19266,1716,29,1,"2023-08-13","Father raise play season give yeah star standard claim.",3,"From place down."
215,11930,605,8,2,"2023-06-03","Necessary quality if fire arrive brother land fire.",4,"Or suggest song huge role main."
216,8040,383,8,1,"2023-09-23","Into able back position third say rule cover particularly production fall put current summer.",5,"Inside year hot."
217,20942,1599,11,5,"2023-09-26","Service blue face need a though.",4,"Remember economic region quality should avoid."
218,11875,476,19,3,"2024-01-12","Last represent in yard require social however phone city this.",4,"Data way school focus skill great."
219,1644,1737,10,2,"2023-12-04","However cell exactly control night oil true actually contain.",3,"Produce security run."
220,21776,1544,21,1,"2023-08-27","Her capital know take spring they movement happy police fund Mr.",5,"Floor race drop tree explain."
221,5692,1012,3,2,"2024-02-28","Story Mrs institution population type think market camera.",2,"Step your sometimes center candidate speak."
222,21706,1477,9,2,"2023-08-04","Condition even argue receive see occur machine light beat action this reason.",3,"Sure more gas top test."
223,14097,1552,14,4,"2023-09-18","Artist system only attention prevent finally something task.",3,"Will turn process."
224,12825,336,24,5,"2023-11-15","Order evening leader truth Mr Mr.",4,"Each series mother defense."
225,5239,1369,7,4,"2023-07-28","Lot mind institution sometimes civil risk teach space.",3,"Speech should approach."
226,7672,1400,17,4,"2023-11-12","Second beautiful tonight local game news account yet doctor just.",1,"Plant simply hair."
227,15076,636,11,4,"2024-04-12","Difference live shoulder career myself knowledge claim book method evening alone.",5,"Claim sea pattern put."
228,1252,1965,20,3,"2023-06-17","Today college each land those clear instead recently major head worker former would art.",2,"Safe stand control per."
229,11770,1068,8,4,"2023-04-24","Black spend water speak get increase program amount people both activity pretty positive.",3,"Heart head practice hope standard."
230,10712,1859,16,5,"2024-03-15","System campaign take message huge again throughout street.",4,"Seven score mission professional old."
231,10284,622,13,5,"2023-11-03","Near sit adult argue it put character.",2,"Same difference show fast time support."
232,22058,324,29,1,"2023-12-31","Early present everyone forward reach television.",5,"Girl deep another huge commercial."
233,1420,217,25,5,"2024-01-20","Anyone would through myself style me final.",4,"Nation color learn fly wait."
234,2235,1442,3,3,"2024-02-13","Run gun local important write letter through join whether several trial line put.",1,"Guess bar eye represent scientist hear."
235,9494,779,5,4,"2024-03-14","Everybody candidate modern draw world name argue specific.",3,"Case field center arrive line example."
236,17475,626,23,2,"2023-05-21","Ago yet worry attack air although remember guy data conference bad friend be.",2,"Tax player those story executive maybe."
237,96,1485,29,1,"2024-01-14","Feeling meet building actually hand boy product series argue until medical analysis radio.",3,"Visit suffer find choice indeed."
238,9631,806,17,4,"2023-12-14","Machine entire example without author hard.",1,"Eat put leg green."
239,3760,1250,23,1,"2024-03-06","Onto forward also open western across natural.",2,"Artist audience project late leader."
240,8964,489,15,4,"2023-08-19","Them continue until would memory gun threat third chair perhaps.",1,"Training moment home TV professor."
241,3402,597,32,2,"2023-06-28","Next turn radio little goal reveal such part.",4,"No peace young while could since."
242,7330,1818,18,5,"2023-10-16","Hope wife west view new loss foreign wind it act start late.",4,"Project board candidate phone send lose."
243,20381,1093,2,3,"2023-05-01","Hold discussion wish trouble clearly final many evidence.",1,"Break back week."
244,18254,437,1,5,"2024-03-22","House whole management scene door specific any even protect area poor appear perform game.",2,"Follow trouble young machine improve enough."
245,14527,1024,22,5,"2023-05-11","Huge never officer realize protect age Mr him like sit institution.",2,"Remain yard also interest energy clear."
246,3674,1565,26,2,"2023-10-02","Let real news type beautiful one shoulder girl federal back building direction stuff.",4,"Bed person drive understand."
247,2865,149,13,2,"2024-01-30","Effort political respond group capital charge feel.",4,"Dinner small weight."
248,17670,1200,28,3,"2024-02-18","Measure tonight in dark control see focus home matter traditional along firm.",5,"Bank sport year from."
249,8510,1352,31,5,"2024-02-26","Third past we hospital person tough early education their put.",5,"Me rest simply."
250,2850,574,24,3,"2023-12-21","Cup popular environment air husband that them.",3,"Boy use heavy necessary."
251,5592,714,15,2,"2023-04-20","We management hear use if economy than.",5,"Sort others tonight hundred same."
252,21618,228,17,1,"2023-05-10","Film police push best move question although field not.",1,"Main herself tonight."
253,13657,435,30,3,"2023-06-28","Party great mission reveal could health politics stage attention market account pass want.",2,"Dog form whether."
254,6144,1184,3,3,"2024-03-05","Full simply heart change sea car same main arrive yard.",3,"Whatever affect role."
255,17479,700,6,4,"2023-11-12","Number size never Mrs action rather your police sea step.",4,"Key community hard develop several."
256,19466,1780,7,1,"2023-12-29","Floor the theory eye son improve quality family wait seven sometimes from pattern.",2,"Truth country peace."
257,14479,556,29,1,"2023-08-21","Continue federal job education lead television worker necessary certainly room.",4,"Executive trouble green especially check see."
258,14317,1712,14,2,"2023-10-05","Appear commercial follow cup administration red hope point.",1,"Do it game song environment same."
259,9526,1640,31,5,"2023-10-21","Book out stock girl budget serious Congress enter produce produce effort appear anyone.",3,"Everybody who edge country red."
260,3757,427,28,3,"2023-05-17","Ago see past central meeting certainly condition buy.",4,"Box this economic daughter leader conference."
261,14414,243,30,5,"2024-02-24","Manage draw rich reach minute state.",2,"Campaign nation eat."
262,5882,524,24,1,"2023-10-01","Mention economic red system space painting political that radio someone important.",4,"Of culture seek single most."
263,21239,1441,1,3,"2023-07-24","Mr expert receive almost behavior where its describe financial large recent field occur.",2,"Couple relationship day usually simple."
264,11180,1062,22,1,"2023-07-13","Word method west material edge purpose hold someone war else visit three environmental.",5,"National right sell."
265,18870,1940,30,4,"2023-05-29","Happen many officer line campaign less artist really already color truth free everything cold.",5,"Nation cold often impact my."
266,10936,335,18,2,"2023-12-04","Worker organization white cover type character majority stay develop this country.",1,"Method until apply."
267,5266,909,3,2,"2023-10-21","Trip kid impact thing leave idea.",1,"Key season read employee build life."
268,18226,1029,3,3,"2023-09-11","Whether first finally factor class during appear Mr practice.",1,"Still relate expect remain draw share."
269,2932,608,21,1,"2023-11-06","New set office seek item daughter ability.",1,"Set it pattern majority best cost."
270,10725,651,15,1,"2024-04-10","Cause consumer town open million television term herself.",3,"Player understand in trade view."
271,1165,68,14,3,"2023-11-06","Paper thought both each maybe reason.",3,"Pm method majority PM clear painting."
272,16308,1375,19,2,"2023-08-21","So issue cell participant hold fire real produce exist nation beautiful nice.",2,"Our morning military."
273,13378,1091,11,4,"2023-07-17","Somebody feel seat girl notice soon rather.",4,"Their north example budget."
274,2863,694,17,3,"2024-02-23","Half one notice parent people need tree quite measure fish road else.",4,"Receive notice day more available outside."
275,11480,987,16,1,"2024-01-03","Crime trouble early more performance above security institution down pass low unit.",1,"Participant product pattern apply."
276,5134,1520,9,1,"2024-03-04","Cup evidence last dinner interesting begin college east drug significant very.",4,"Usually different he move discover kitchen."
277,15578,621,9,2,"2024-03-28","Decade dream support action interview cell crime president exactly wait whether allow.",4,"Blood east baby hundred throughout."
278,9499,1588,14,1,"2024-02-14","Bill trip yard expect evidence hard wall also feel.",4,"Floor try break area discuss."
279,171,1878,8,2,"2023-05-17","Week floor fact us somebody life physical of.",2,"End week step include."
280,18526,340,27,5,"2023-11-10","Four almost throw lay some save represent safe two send.",1,"City and at let."
281,673,1415,4,1,"2024-03-05","Direction into miss your mind choice however say.",1,"Owner manage concern lawyer across upon."
282,6279,1076,3,2,"2024-03-05","Wait offer traditional after section vote rest.",5,"Relate hand space answer suggest."
283,12308,795,28,5,"2023-06-30","Exist main apply factor more level turn.",1,"Imagine game hold."
284,13711,247,9,5,"2023-10-20","Throughout much wait certainly development picture want receive what success meeting fill those.",2,"Pay sign subject example pattern."
285,20073,180,16,2,"2023-07-18","Him threat recently draw part she true college road talk possible prepare detail.",3,"Resource story turn wear."
286,17403,1379,27,1,"2023-05-17","Would keep avoid tend report degree themselves.",3,"Make opportunity necessary."
287,6694,435,2,4,"2023-12-12","Off expert watch from green program serve change beyond live difficult call writer.",2,"Appear thousand side."
288,8040,1119,31,5,"2024-01-14","Because catch young hear have body blood piece.",4,"Admit improve born ever model."
289,3627,322,17,1,"2023-04-29","City carry business consider degree send note floor or no according.",3,"Issue year poor nearly."
290,13585,1467,19,4,"2024-03-26","Race simply off mouth figure evening.",2,"Knowledge scientist TV agency."
291,5206,1208,18,4,"2023-07-19","Full Mr for bit play maintain hard later beyond need plant some.",1,"Life decade support art child."
292,14688,230,2,4,"2023-09-09","Must air choice letter member officer reflect father person remain phone.",2,"Local contain program husband ground."
293,8824,1241,28,3,"2023-12-15","West run commercial reflect development quality four parent yet region.",2,"Investment property participant."
294,12507,782,13,3,"2023-10-29","Newspaper throughout per later task growth.",5,"Behavior night kid least."
295,17919,1882,14,4,"2023-05-05","Professional open morning stand last amount down play very mother.",3,"No dog similar wind."
296,12337,1153,32,1,"2023-06-26","Young many suggest outside trade set better authority statement.",1,"Guy accept paper person."
297,20156,1776,17,4,"2023-08-03","Board goal whole station magazine authority computer eat hotel piece.",4,"Mind bring finally space owner."
298,18592,920,4,5,"2023-09-30","Store player measure light for window answer.",3,"Interview condition score."
299,16058,1133,28,1,"2024-03-29","Network break actually operation head music must.",1,"Imagine response Mr bank old key."
300,7252,1336,7,4,"2023-11-22","Time morning international left understand office wife ten pretty attorney.",5,"Option identify edge."
301,14392,403,20,3,"2023-07-24","Ahead owner attack mission fly past including first between.",4,"Participant let cold modern."
302,10184,868,29,1,"2024-01-04","Seven near able clear on affect population record listen management.",3,"Quality above away."
303,1763,18,27,4,"2023-09-22","Response evening upon sometimes just evidence single Republican marriage couple.",3,"Challenge attorney national former still voice."
304,18630,1584,22,2,"2024-02-14","Business certain offer shoulder it production again activity population bag charge.",5,"Recently door partner federal sister."
305,7567,1724,10,3,"2023-12-27","Under ball several upon consumer suffer present modern my buy account challenge successful.",1,"Buy manager group easy someone."
306,20936,1535,1,5,"2024-03-02","Family Congress base interest particularly up any model pass.",4,"Above market herself."
307,9975,182,21,2,"2023-05-06","Quite top environmental we continue Mrs buy effort phone cause weight say.",5,"Adult rich put war physical."
308,18985,1415,21,1,"2024-02-27","Else weight seem identify democratic ball feeling.",1,"Billion right can field serious anyone."
309,6725,1377,7,5,"2024-03-05","Name production heavy record something wish carry your mission mean girl.",3,"Main her real mission."
310,18282,1450,26,3,"2023-04-19","Often stock address away meeting staff pull food world girl.",4,"Sort or community again."
311,13035,1425,12,2,"2023-05-07","Politics hard everything between hair capital continue social understand change free throw kitchen.",5,"Listen seven tonight although."
312,12745,323,14,5,"2023-08-23","Hundred stay same adult argue maybe.",1,"Evening first return main green."
313,385,1939,11,2,"2024-03-17","South firm hear network mother mouth whom garden especially many machine.",2,"Start why chair break heavy coach."
314,13767,1443,11,1,"2023-09-12","Knowledge rock state teach dream eye.",2,"Huge raise always third."
315,14941,571,13,4,"2023-12-28","Them Mrs modern matter west nice third growth prevent serious.",2,"Election bed can win computer."
316,953,1484,17,3,"2024-01-11","Road not enjoy firm imagine crime represent discussion project resource response act.",5,"Effect house town."
317,20747,1510,21,3,"2024-02-11","Such when watch chair public near offer though soldier no agency thank.",3,"Key power speak easy source."
318,9412,431,6,2,"2023-08-10","Police space after someone serious detail tax article concern line guy whole.",3,"Add age again forget."
319,11405,186,10,3,"2024-02-01","Laugh read Congress next food responsibility research least one nature nation.",2,"Wrong star second plant."
320,20535,317,23,5,"2024-01-10","Hand lead this natural according home myself increase.",1,"Republican save phone even."
321,19109,1945,11,4,"2023-09-11","Save yard partner quickly million song author not then sure no occur.",5,"Behavior film after."
322,111,1398,21,1,"2024-03-04","Democrat me price other ground bar chance your book whether television court anyone.",1,"For sometimes despite coach."
323,6020,744,3,3,"2023-12-25","Wide pick left challenge party include hospital upon do music west across agreement.",3,"Above significant west."
324,17003,1699,18,4,"2023-05-27","Speech cause physical turn one day beyond.",4,"Magazine value follow allow member seek."
325,15128,1952,23,4,"2023-05-09","Example technology suffer baby college evening president.",4,"Image firm clearly Mr any alone."
326,20753,1947,29,5,"2023-10-14","History something middle suggest talk century education.",5,"Assume fear national long."
327,8235,205,22,3,"2023-06-02","Rule great design plant less firm thus ok morning summer statement.",1,"Young development build key building age."
328,13284,152,7,5,"2024-02-09","Away soon pass specific through parent tell own within ago war hour example.",4,"Push chance member reflect result hear."
329,539,1592,13,2,"2023-08-07","Everyone parent usually break suggest why under language someone employee several.",3,"Water suddenly military politics knowledge shoulder."
330,481,1108,2,5,"2024-03-22","Within indicate again voice pattern Republican size information.",1,"Meeting maintain mean financial."
331,21156,1108,27,3,"2023-12-03","Modern would me form example usually best worry difficult rest leader themselves.",1,"Agent agreement much probably."
332,18716,1066,17,2,"2023-09-13","Focus college wind news discover peace.",2,"Success to discuss forward."
333,4134,320,23,3,"2023-09-09","Pretty offer all begin realize window country follow receive reduce.",3,"Leave factor soon physical partner."
334,14920,607,31,4,"2023-06-26","Him training conference area other current central.",5,"Own natural receive herself newspaper."
335,9005,835,28,1,"2023-11-10","Parent hear table town physical carry.",4,"Everyone spend partner scene doctor."
336,7224,647,14,3,"2023-06-19","I let buy shoulder war investment reach else room wind human artist.",2,"Son increase view tell."
337,18813,1166,5,4,"2023-12-04","Will set decade wrong growth decade.",3,"Eye coach answer."
338,8721,449,13,2,"2024-01-17","Beautiful behavior adult never several son clearly may relationship down color.",5,"Sound development friend unit."
339,8240,1366,31,1,"2023-10-08","Pull report Republican thing society network between southern film.",4,"Building doctor position manager might book."
340,22080,135,26,5,"2023-10-22","Simply sort she live quite defense herself right.",4,"Worry such discussion."
341,8411,1118,6,4,"2024-01-24","Information must Democrat who never administration someone.",1,"Draw less dream region lot task."
342,4345,151,19,4,"2023-08-20","Population stuff compare couple pattern front.",1,"Around short issue ability."
343,4325,1502,23,3,"2023-10-03","Once present the across bad need represent write.",5,"Land customer station east."
344,17528,1341,21,3,"2023-06-23","Pattern property family condition rate figure then bad movement ever return card.",2,"Wait medical one ready home this."
345,8199,1896,11,5,"2023-06-09","Significant side hit along perform history pull check.",5,"Old group feeling direction hear detail."
346,16003,27,33,3,"2023-07-04","Recognize your trouble specific wear miss ground least take manager.",2,"By stay traditional significant rate."
347,14991,1621,2,1,"2024-01-23","Little place thousand nothing me game seat live.",1,"Why president who firm prevent by."
348,18386,1763,19,5,"2024-02-24","Himself case cover life write major leave develop.",4,"Own bar TV painting growth."
349,8061,597,20,1,"2023-04-28","Fact other education fall for price minute treat offer kitchen want.",3,"Office only fact."
350,15502,258,1,3,"2023-12-15","Everybody deal five off apply mission new each relationship action price couple set.",4,"Fund she on."
351,3098,136,25,1,"2024-03-12","Pay tax red early success least six nearly newspaper evening.",3,"Total practice first treat on."
352,18856,343,22,3,"2023-06-13","This thousand realize expert study hit.",2,"Night back reason mind leg."
353,14186,1069,29,2,"2024-01-19","Consider class sport guy understand forget everyone.",2,"Let understand allow tough against sport."
354,19237,724,24,1,"2023-11-07","Member also somebody put fear commercial as concern director agreement eye.",5,"West provide actually late all mouth."
355,19133,104,17,2,"2023-06-16","American size if law analysis international land hold.",2,"Decide worker second audience well."
356,11457,1913,6,2,"2023-11-16","Several culture interview film score sound option he accept successful TV together term.",4,"School wear PM leave."
357,21287,918,1,5,"2023-05-07","Reveal just to health dog if work side action simple how however exist.",1,"Light fast most member."
358,3480,49,9,2,"2023-06-30","Carry possible head plan as really admit Republican.",3,"Industry civil article sit."
359,10089,1332,3,5,"2023-06-29","Ball person later nearly way little however offer deal have.",5,"Impact weight itself step."
360,14066,521,23,5,"2023-09-04","Pressure guess bring lot ten air case fear save walk.",1,"Job drop act indeed."
361,7579,1050,12,4,"2023-08-13","Listen learn energy along affect difference between he fact.",4,"Create child born."
362,12407,952,12,1,"2023-09-16","Ok international power sign method discussion try model wait she news your probably.",4,"Watch follow receive."
363,20233,90,25,4,"2023-12-02","Public century guy security role account part benefit everything talk.",4,"Week book rock health."
364,12351,1246,12,2,"2023-09-24","Time soon decision night free heavy couple.",4,"Community successful modern make natural find."
365,6343,760,28,3,"2023-08-14","Difficult degree when a artist least another over down ago phone lead.",4,"Only machine again."
366,4116,491,3,3,"2023-11-17","Without agree example perform which move recently law mother technology.",2,"Speak lot piece."
367,11055,1115,32,2,"2023-04-21","Character later paper international stock knowledge personal price resource seven age result.",5,"Forward federal war rest leg claim."
368,17646,1931,4,1,"2023-10-12","Field oil red test lawyer agent politics indeed nation time final action.",4,"Go thing still agency admit."
369,14845,689,2,4,"2023-11-25","Art these event note them stop exactly maybe east explain computer great trouble.",3,"Card subject institution charge."
370,18800,1024,17,3,"2024-02-20","Lead short close produce clear now can behind concern culture each far knowledge.",1,"True only listen cup everybody certain."
371,12159,1001,24,2,"2023-09-22","Need run wide until tough design effect move.",2,"Doctor world stock somebody something win."
372,7628,1471,10,2,"2023-09-12","Without memory edge fund these medical world someone wide.",1,"Relate produce measure recent cultural test."
373,8127,513,29,1,"2023-09-04","While lawyer view give window special husband Democrat easy floor play wall trip.",4,"Value late partner send analysis relationship."
374,16369,671,17,1,"2023-08-21","Action among audience citizen within term bring need skin.",5,"Never win black."
375,21659,1675,23,5,"2024-03-25","Factor seek rule trip protect require forward why past base.",5,"Wind edge adult."
376,11190,538,11,4,"2023-05-18","Many various around magazine people arm southern stock.",5,"Her join final focus inside."
377,17635,1521,21,3,"2023-06-23","He wall paper about alone work eight space their.",2,"Identify be here work attorney only."
378,1994,1911,8,5,"2023-07-29","World front himself education teacher phone.",5,"Fine position often away key machine."
379,8290,627,1,2,"2023-07-22","Military six actually standard sit peace type media career could summer.",3,"Work main low."
380,19230,983,28,2,"2023-06-03","Tough prepare probably alone hard child only represent long far mind them.",2,"Executive kitchen trouble."
381,4599,1188,22,2,"2024-01-28","Possible sister majority yeah during water choose thousand.",2,"Pick citizen sing pay audience."
382,10596,1694,14,4,"2023-04-25","Future government together soldier war speech would likely.",5,"Focus effect a middle."
383,12279,1723,19,3,"2023-10-23","Anything east those play strong myself far can.",5,"There inside analysis."
384,8260,1742,3,3,"2023-05-31","Class paper blue news among daughter story blue plan argue.",1,"Majority no worker everyone."
385,18134,1800,16,2,"2023-06-26","Challenge answer boy forward nearly scene account bring thought.",3,"Top method audience difficult past amount."
386,13731,1100,15,1,"2023-05-30","Ball development attorney different region term audience relationship event.",1,"Southern agreement since top."
387,641,858,1,1,"2023-05-28","Hotel school hotel rest thank someone ability form choose.",5,"Such at with."
388,8755,1277,31,3,"2023-06-10","Smile ask itself nor wait want nor soldier artist catch understand bar.",5,"It mission rise."
389,17109,1273,7,2,"2024-02-25","Grow pass resource against evidence tell investment at speech.",5,"Which mean event."
390,19313,997,1,4,"2023-11-26","Sing say billion knowledge newspaper wait success.",3,"Do industry do."
391,2439,1025,26,1,"2023-07-30","Fear because education lose show mouth term road.",5,"Protect reason item happy."
392,21718,484,12,1,"2023-10-04","Cause stop bill eat outside vote lawyer wonder project reach kid Mrs.",3,"Wife western TV however realize already."
393,1190,1503,7,2,"2024-02-18","Serve yes third full card however around room while base blood Mr.",5,"Sport need war."
394,11499,455,9,4,"2023-10-02","Customer him argue president can again summer really both bar sing old.",2,"Available member way."
395,13543,954,5,3,"2023-07-26","Movement upon deal back protect analysis record world.",5,"Term general structure claim wonder."
396,18001,91,4,2,"2023-08-04","Environment whether second mouth part such.",3,"Woman key order environmental job."
397,8279,994,4,4,"2023-07-02","Exist great ever him key standard total region anything pattern young.",4,"Story month hour thousand."
398,15451,833,17,2,"2023-09-02","Garden notice ahead coach reduce between recent tough only.",1,"What evening lot."
399,18948,821,7,4,"2024-04-10","Forward site network fly game although imagine full will indicate.",3,"Pattern bar act himself consumer position."
400,21512,1048,13,5,"2024-04-13","Medical science upon theory explain onto family.",1,"Something cause full recently."
