"evaluation_id","supplier_id","date","responsiveness_rating","productquality_rating","deliveryaccuracy_rating","comments"
1,8,"2023-06-28",4,5,1,"Sing like product speech million. Blood chair happen certainly move."
2,16,"2023-09-03",1,1,1,"Age interesting able coach positive. Middle day cup health. Deep professional effect involve who certainly over."
3,7,"2024-01-09",3,1,2,"Three customer type medical early eye. Establish star keep city others. Itself behavior about."
4,19,"2024-04-07",2,1,2,"Cut improve bar smile unit effect. Parent responsibility second scientist ten must month size."
5,13,"2023-08-03",1,4,4,"Listen various stand organization democratic think red. Box these turn safe son find."
6,17,"2023-07-25",3,4,4,"Pick individual participant film. Forward television next president chance court."
7,1,"2023-10-25",5,5,1,"Pm personal relate gas project. Next test quite myself."
8,17,"2023-08-09",5,2,2,"Animal tough music school other attack away thought. Plan talk leave party relationship. Week station lead idea."
9,11,"2023-07-16",1,4,3,"Of race strong black land across management. Trial seat former."
10,3,"2023-08-04",5,5,5,"Vote get into director religious only brother. Method effect board minute. Let certainly give court top."
11,19,"2023-08-24",2,2,4,"Laugh administration wide candidate race."
12,6,"2023-10-08",5,1,5,"Dog behind information increase medical glass back. Every discussion probably beyond imagine interview."
13,16,"2023-12-13",3,4,4,"Into relate country staff blood friend. Modern vote many stop these product."
14,3,"2023-08-09",3,4,3,"Good event high never others employee management. Perhaps war wear to television not worker."
15,10,"2023-11-13",3,5,1,"Quality gas risk. Once network kind become final until sport world. Million each close."
16,19,"2023-07-18",3,4,5,"Than eat what never. Worry two three country foot. Soon reach house pay market."
17,13,"2023-04-25",1,4,2,"Age wait draw new also front accept. Likely billion of everything. Side somebody over capital ground attack sometimes."
18,7,"2023-06-04",2,5,3,"West age feel important large memory. College peace modern skin."
19,1,"2023-10-17",1,3,4,"Medical address people recognize relationship mother help. Increase cause natural daughter last. Unit computer until onto which believe author."
20,6,"2023-12-24",5,1,1,"Can possible past tonight season task stay. Seek growth affect next despite grow."
21,14,"2024-02-22",3,5,1,"Final church star blue. Wear wide town situation."
22,11,"2024-01-01",2,2,2,"Entire gun enjoy ago data control watch woman. Feeling seek physical. Alone common minute particular play."
23,9,"2023-11-30",4,3,1,"General nothing southern authority. Sound travel eight expert physical leg among."
24,4,"2023-05-21",2,5,2,"Top laugh carry us town recognize knowledge. Particular job firm responsibility."
25,5,"2023-11-17",2,2,5,"Generation serious consider on crime state. Sister ever read instead."
26,3,"2023-05-14",4,1,5,"Security necessary word fund. Worker color their central rule someone. Six process up improve street human budget."
27,16,"2023-07-12",4,1,4,"Will wind home eat. Rest condition or effect recent win dog term. Question single individual option personal suffer."
28,9,"2023-11-23",4,3,4,"Father key paper challenge town garden sign scientist. Record various animal change. Manage exactly where."
29,4,"2023-12-11",5,4,1,"Idea cause popular. Source production performance do air risk size."
30,17,"2024-02-04",4,3,4,"Student threat agency last seek young real. Out magazine investment support actually section together third."
31,8,"2024-04-12",1,4,4,"This development responsibility statement nothing activity. Continue reduce more indicate summer under."
32,15,"2023-06-16",3,2,1,"Technology scientist church Mrs. Difficult give ability year attention employee will across. Style manager over."
33,10,"2024-02-13",3,5,1,"Conference travel experience kid. Memory foot decision add avoid treat often six. Move newspaper out dream real."
34,18,"2023-11-28",1,4,5,"Husband design tonight. Important amount feel human mind. Each loss make."
35,14,"2023-12-24",1,4,4,"Star suffer participant majority treatment. Read maybe detail place join into performance."
36,4,"2023-12-25",5,2,5,"Wall hospital key Republican fall. Rather front pick candidate. Price add level staff turn Republican certainly. Available smile seven would middle century carry rock."
37,10,"2023-05-08",1,2,2,"Lot than least. Catch how woman. Everyone evening school family property travel."
38,20,"2023-04-26",5,2,4,"Theory whether nearly minute up. Central door school choice claim again then."
39,20,"2023-07-28",1,5,5,"Knowledge seat statement reflect follow. While while team down return."
40,17,"2024-01-29",4,3,3,"Trade board hour weight final game play. Resource eight remain marriage action other decide."
