"supplier_id","supplier_name"
1,"Hebert-Ortega"
2,"Wood Group"
3,"Rivers-Brown"
4,"Nelson, Marshall and Peterson"
5,"Turner and Sons"
6,"Raymond-Wright"
7,"Joseph-Jacobs"
8,"Small, Vasquez and Dixon"
9,"Morrow, Acosta and Mcdonald"
10,"Velez, Riddle and Gutierrez"
11,"Robertson, Smith and Garcia"
12,"Bates, Gardner and Vasquez"
13,"Johnson, Flynn and Garner"
14,"Sharp, Higgins and Acosta"
15,"Murphy-Waters"
16,"Hernandez-Miller"
17,"Ward, Thornton and Wiggins"
18,"Norman-Small"
19,"Rodriguez Group"
20,"Henry-Garrison"
