"session_id","topic","trainer","training_date","training_place","duration","effectiveness_rating"
"06NLV5W8","Treat key can drug next mind.","Matthew Smith","2023-12-11","East Susanhaven",7,1
"2QJSAC2F","Reach even skill discuss remember all.","Vanessa Bryan","2023-09-22","East Stephanieville",4,2
"2QLI8OEB","Quality again off threat baby yourself.","Marissa Sanchez","2024-03-26","South Raymond",4,4
"33HKAEB3","Must weight with music.","Teresa Stevens","2023-08-01","Lisaland",2,1
"4K7JRA6S","Future soldier loss specific simple.","Dr. Anthony King","2023-11-11","East Amandaville",3,1
"4MYFBIMM","Out technology place officer painting attorney.","Yvonne Pierce","2023-10-01","Lake Ronald",5,2
"6PN0VAJ0","Positive least forward book church space.","Elizabeth Horne","2023-11-19","North Alexis",8,2
"6Q26SS30","Newspaper today event.","Laura Jackson","2023-06-24","Lake David",7,1
"6ZK6OUU4","Every win relationship environment sit test.","Kimberly Olsen","2023-11-09","South Lauraville",8,4
"76B2DW8Z","Among would report go area.","Samantha Nichols","2023-11-05","South Brianfurt",3,1
"95ZCMXGC","Suddenly real according whether song.","Amanda Franco","2024-01-22","Port Lauren",1,2
"9Y1UHMI9","Effect almost concern after hospital.","Eric Hicks","2023-10-25","Lake Brittany",4,5
"A5HORZ0I","Attention best avoid.","Nicholas Brown","2023-11-08","Brianville",8,3
"ALHNTV2T","West wall run able old.","Patrick Chapman","2024-04-12","Port Howardmouth",8,5
"CVSITPXJ","Race thousand mention.","Rhonda Kelly","2023-10-28","Port Hollyburgh",7,2
"DEF9JWNG","Sell particular follow board finish.","Breanna Fisher","2024-03-26","Port William",6,2
"DKRK1ZCB","Point financial others enjoy.","Richard Welch","2023-12-30","North Zachary",1,3
"EGT0KMD7","Camera head television several detail stand.","Peter Turner","2023-09-16","Port Dianaberg",3,3
"ESH1BGWT","Bar peace teacher big performance.","Monica Willis","2024-03-23","Vanessachester",5,1
"F976HISQ","Probably really industry thing.","David Conrad","2024-01-25","Brianbury",6,5
"FLWYSC59","Agree energy analysis believe I.","Timothy Walker","2024-02-20","Tylerside",2,3
"G6ZFIU6Q","Democrat relationship learn no among.","Antonio Evans","2024-04-01","Evansberg",4,5
"GRIP8CY6","Rise scene use air eight.","David Miller","2024-04-11","Port Jamesmouth",5,2
"HODJ7IPC","Effect dark foot.","Ernest Patrick","2023-11-21","Justinside",1,1
"HPBVXGC3","New tax join either difference natural.","Terri Bailey","2023-06-24","New Williamhaven",6,1
"HSWQ1HL3","Sell student body center bag south.","Michael Flores","2023-06-12","Bensonmouth",1,2
"IT2VJVEV","Music care choice ability peace his.","Edward Young","2023-07-03","North Crystal",1,3
"JVKY3QIB","Recently budget economy late.","Yvonne Martinez","2024-03-29","Walkerfort",5,3
"KN1GZEST","Respond identify direction.","Stephanie Crosby","2023-07-07","Patrickborough",2,5
"KVIBVJFS","Record remain a house.","Luke Walsh","2023-10-04","West Matthewborough",8,5
"KWCEXQOU","Chair story money.","Mrs. Connie Kelley","2023-10-31","Sandramouth",7,3
"M1FTAKQX","Rather customer face paper.","Linda George","2023-11-21","Brandyfurt",7,5
"MO2VYXLV","Bed short some leave.","Marc White","2023-05-22","Callahanview",8,3
"N7LA1HVZ","Someone kid suffer adult body southern.","Thomas Reyes","2024-03-07","Port Robertbury",5,3
"O27OBZ38","Officer human appear play ground.","Amy Henson","2023-05-08","North Mariaview",7,4
"OJ008SKN","Air least language each pass age.","Walter Booker","2024-02-06","South Philipmouth",7,3
"PER3TIJX","Case newspaper relate low war.","Kimberly Mitchell","2024-03-26","South Ernest",6,4
"PPJNNDBJ","Agent so back.","Brian Chapman","2023-12-04","Crawfordmouth",7,2
"QNFFF94Z","Attention walk pull.","Sandra Thomas","2023-05-07","New Kathleenstad",4,5
"R5ITG6TL","Computer mean understand.","Angela Wallace","2023-12-02","South Stephenchester",5,5
"R5Z5O03J","Simple try PM land story ball.","Jose Kirk","2024-03-31","Port Williamborough",7,4
"RSXCYB6O","Identify expert girl either international.","Tony Wilson","2024-04-10","Christopherville",3,2
"SC1HX4Z0","Explain read series job help.","Paul Wilson","2024-02-14","West Chad",6,5
"T8KONFM7","Population difficult remember well win.","Terry Hernandez","2023-05-25","Taylorton",1,4
"TDC6NJRJ","Red choice matter himself foot.","Amber Henry","2024-02-26","South Michelleland",8,4
"TO72756D","Section wife rich.","Jessica Hughes","2023-05-29","Ericafort",4,1
"UY845KBT","Doctor answer statement ever raise join.","Alexander Nguyen","2024-04-13","South Rachel",6,4
"WJFKBU3V","Manage hand purpose.","Paula Mccormick","2024-01-23","Destinyfurt",7,1
"X1NF44SX","Win long business value character.","Mia Larson","2023-08-19","New Markside",6,4
"XUMH2DA2","Partner bit best director.","Vincent Webster","2023-09-25","Christopherhaven",2,1
