"waste_id","product_id","sku","store_id","date","type","quantity","disposal_method","notes"
1,32,"61048cd5",2,"2023-09-22","expired",50,"landfill","Hold list across be right now though purpose customer TV hand."
2,15,"48d575db",1,"2023-07-14","expired",94,"landfill","Pressure vote teach provide including help check dark."
3,21,"c2579dba",3,"2023-07-12","expired",23,"landfill","Cut and voice role among trade although remain treat production attorney."
4,19,"6b0fbadb",3,"2023-10-09","damaged",6,"recycling","Plant enjoy create doctor watch candidate war soldier detail."
5,1,"62ecf37b",2,"2023-11-19","damaged",23,"recycling","One about home low really receive amount seem themselves accept agent full hold."
6,19,"436439e0",5,"2023-06-03","damaged",72,"recycling","Instead public card travel trade expert win majority fly think degree."
7,10,"6da6709d",2,"2023-06-03","expired",41,"landfill","Positive physical material law go doctor human back order series job."
8,2,"f1435ece",2,"2023-10-23","expired",19,"landfill","Attorney real anything themselves research dark make hotel foreign force."
9,9,"e942a4c8",1,"2023-10-07","expired",8,"recycling","Care wonder produce for agency view conference institution apply benefit."
10,18,"3c1c2579",4,"2023-08-24","expired",100,"recycling","Read middle Democrat play popular go."
11,2,"68dc7bd6",2,"2023-12-30","expired",33,"landfill","Full experience wear on several far gun mouth she nice discussion fast."
12,4,"24155f73",1,"2024-01-30","expired",15,"recycling","Adult visit without without available happen actually."
13,26,"6a4a4835",5,"2024-01-07","expired",94,"landfill","May financial international recognize course green agreement subject."
14,11,"c3514b1a",4,"2023-10-15","damaged",39,"recycling","Herself on head today author community this career mind subject design product court."
15,29,"2372ac10",3,"2024-02-04","damaged",8,"recycling","Way school live side girl those no."
16,32,"715eab38",2,"2024-03-01","expired",61,"recycling","Black enough population watch painting next thus."
17,16,"e48b402b",1,"2023-10-23","expired",42,"landfill","Item per door audience inside space."
18,18,"e3e3437e",1,"2024-03-12","expired",21,"landfill","Might entire hope fall clear big thank common least rather side similar."
19,30,"ef7bed18",3,"2023-10-15","damaged",97,"landfill","Fall stop also these more attorney effect prove any."
20,3,"ae8dd5ab",2,"2024-03-06","expired",41,"recycling","Door wonder foreign should evidence establish how door."
21,13,"e6f9901e",3,"2024-02-16","expired",28,"landfill","Billion occur short drop participant seem hand across left blue exactly role."
22,13,"2550dabc",2,"2023-07-31","damaged",52,"recycling","Choice cup Democrat in sort note service same tend thus conference ahead."
23,10,"c9659829",4,"2023-06-18","expired",91,"landfill","Their matter agent bed respond impact off gas else rise."
24,27,"3ad9590b",5,"2023-11-12","expired",35,"recycling","Home person become evidence tough no employee."
25,12,"243fb6d2",3,"2023-05-29","expired",66,"recycling","A building size building take over effort whom."
26,26,"0100e275",1,"2023-07-16","damaged",71,"landfill","Subject approach dinner responsibility TV ready if start late network."
27,25,"74591ad5",4,"2023-07-28","damaged",39,"landfill","Color security table class manager eye."
28,31,"1f13fc43",4,"2024-04-15","expired",14,"recycling","Summer world research thing mind game market with suffer."
29,7,"c90afb8f",4,"2023-06-06","expired",42,"landfill","Describe report push traditional article recent kitchen organization figure ground building."
30,33,"e271040c",2,"2023-12-27","expired",83,"landfill","Movement crime defense service effort article."
31,8,"46a181ed",3,"2023-12-06","damaged",19,"landfill","Compare trip base mouth side agreement must."
32,27,"a09b52f0",5,"2023-08-23","damaged",21,"landfill","Ok state stuff clear less heart small without north star yourself."
33,4,"324c5f95",5,"2023-06-20","expired",86,"landfill","Network ok sometimes still concern would our claim."
34,31,"a7e73ed6",5,"2023-12-15","damaged",32,"recycling","Picture about police door American change thank often attorney room account technology traditional."
35,27,"b0d4bedb",1,"2024-01-21","expired",92,"recycling","Science read crime interesting buy answer seek future able size surface make include."
36,5,"7c64fcdf",1,"2024-01-04","expired",90,"landfill","Behind health usually table activity article environmental."
37,33,"c71dbc93",1,"2023-06-03","damaged",73,"landfill","People smile scientist beautiful little west manage among Democrat explain argue water."
38,30,"b3eb6685",5,"2024-02-04","damaged",16,"landfill","Fly president glass wall method network measure career our."
39,5,"8f0827d4",4,"2023-10-23","damaged",90,"landfill","Hotel more last focus environment about husband edge experience drug."
40,22,"ae4ffafe",3,"2023-05-17","damaged",70,"recycling","Have concern season step use various exactly change."
41,2,"36bc159e",3,"2023-07-08","damaged",99,"landfill","Knowledge store it stage you too condition attorney."
42,19,"e952e0d9",2,"2023-05-08","expired",81,"recycling","A the clearly parent situation front reduce college significant."
43,3,"c6804be8",1,"2023-11-23","expired",3,"recycling","Past explain around simply recently form but week budget list need war doctor."
44,28,"11fa34ac",5,"2023-11-07","expired",73,"landfill","Rule give pick attention yeah few hour such outside do a kitchen everyone."
45,9,"6db56a2f",5,"2024-02-14","expired",4,"recycling","Its by similar follow stage require."
46,7,"1ea4b3df",5,"2023-04-19","expired",33,"landfill","Network without visit face the per."
47,4,"c90afb8f",4,"2023-11-10","expired",45,"landfill","Hospital help ground stand base yet letter stock important cost."
48,15,"0929198e",1,"2024-02-07","expired",93,"recycling","Factor in hot difference without price themselves rate."
49,17,"2561ee66",2,"2024-02-05","damaged",60,"landfill","Production audience movie effect hundred Congress available for young one class southern."
50,7,"a28cc14d",3,"2023-11-03","expired",15,"recycling","Store example song senior difficult election customer."
51,5,"c1c3937b",3,"2024-03-27","damaged",90,"landfill","Girl sing back support sometimes picture pull believe action practice."
52,1,"3aa2b091",1,"2023-10-22","expired",95,"landfill","Like institution attention amount television light food public past manage everyone floor situation seek."
53,1,"d86ba1cb",3,"2023-08-21","damaged",11,"landfill","Newspaper in resource section ball approach front method protect."
54,8,"dcb0beaf",2,"2023-07-10","expired",32,"recycling","Believe off responsibility data yeah wear deal car reality address budget bit that."
55,12,"b73c5a8f",1,"2024-04-03","damaged",36,"recycling","Gun order glass today special agreement early easy Democrat could early reason."
56,26,"471c02cb",2,"2023-05-21","expired",38,"recycling","Instead collection poor sometimes indeed she cup worker speak crime couple."
57,4,"93f74abb",3,"2023-11-14","damaged",55,"landfill","Education certain produce how dog industry a west."
58,26,"471c02cb",4,"2024-03-31","damaged",36,"landfill","Campaign concern address green son bar option price."
59,18,"d04b43fe",5,"2023-09-29","expired",52,"recycling","Send also require early control art eye quality reduce hotel."
60,20,"f7675db3",1,"2023-06-26","expired",14,"landfill","Whom argue owner body before audience discover."
61,2,"fac33b89",4,"2024-03-08","damaged",28,"recycling","Inside decide white couple walk step available per likely young."
62,30,"2433c309",1,"2023-09-23","damaged",82,"landfill","Across assume dog book quickly control."
63,28,"47f6c29e",2,"2023-12-13","expired",8,"recycling","Bit she seek third to consider live campaign also blue within."
64,26,"e939d315",4,"2023-10-03","expired",100,"landfill","Hair these already north none present half piece meet most themselves door southern."
65,17,"cb32fe55",3,"2023-12-27","expired",99,"landfill","Car information country city artist her discover maintain effect must land until."
66,32,"74d815dc",3,"2023-05-27","damaged",65,"recycling","Prepare evening help base open phone."
67,28,"7ea54c79",2,"2023-11-09","damaged",64,"landfill","Entire level pay police do begin believe."
68,23,"58e9378e",3,"2023-07-08","expired",88,"landfill","Position factor make power but loss state."
69,33,"b2dac0ab",5,"2024-04-02","expired",28,"recycling","Middle your whole would fact line keep."
70,12,"6701c791",1,"2023-09-20","damaged",20,"landfill","Budget ask idea look let field western everyone seven top resource."
71,14,"c071e940",5,"2024-01-17","damaged",31,"landfill","Ability eat remain if message tend us mission full time total visit point."
72,17,"5a467b59",2,"2023-12-20","expired",10,"recycling","Local phone argue popular already hit arrive church challenge threat."
73,18,"22ec5eec",1,"2023-10-26","damaged",57,"recycling","History bring item hear set cause test."
74,11,"9374a3d9",1,"2023-05-05","damaged",97,"recycling","Piece grow field door edge Democrat participant evening mission set."
75,29,"547ac3a9",1,"2024-03-27","damaged",87,"landfill","Couple economy economy at last move in national candidate someone language side range."
76,14,"cf8f7a33",5,"2023-07-15","expired",18,"landfill","Congress move chair factor crime total three."
77,9,"bd9290e3",1,"2023-12-14","damaged",53,"recycling","Property see decade stop director society clearly beautiful million Republican."
78,9,"78147827",2,"2023-12-21","expired",25,"landfill","Yard education middle glass music claim movie."
79,6,"1e077fd1",1,"2024-02-14","damaged",59,"landfill","Myself friend as ago loss perform."
80,11,"5dd247e0",2,"2023-08-30","expired",2,"recycling","Role affect present follow huge person remain ball rule form story learn."
81,11,"4d098ecf",2,"2024-02-12","expired",2,"landfill","Arrive activity born morning police indicate between education magazine soldier office budget."
82,19,"7707a1a4",1,"2023-04-19","damaged",67,"landfill","Impact and around truth close right these finally."
83,18,"304606ec",4,"2024-02-17","damaged",91,"landfill","Respond before carry professor drive talk usually ago."
84,8,"303c0807",4,"2023-08-06","damaged",73,"recycling","Area blood use a talk remain television school dog check investment image truth."
85,33,"5bdb9e51",5,"2023-05-28","expired",86,"landfill","Responsibility clearly want boy benefit fast upon address finally glass apply together feeling."
86,15,"c153e361",1,"2023-05-06","damaged",67,"recycling","Reason political recognize building water pull technology property account whether imagine."
87,20,"cf8f7a33",5,"2023-09-21","damaged",65,"landfill","Government shoulder action property understand authority."
88,4,"81e89d37",1,"2023-07-24","expired",95,"landfill","Its country either get face look budget six myself you ago option."
89,16,"88cffc9d",4,"2024-04-03","expired",53,"recycling","Class force these military short home same that sister."
90,33,"23e99eb3",1,"2023-04-19","damaged",56,"recycling","Wrong write long picture do grow."
91,33,"35e7d29d",3,"2023-12-16","expired",72,"landfill","Represent key may American social audience program management including attention without reduce election."
92,14,"1fa1ce43",5,"2023-10-11","damaged",84,"landfill","Agency role give thus member hot."
93,11,"b7829594",1,"2023-10-01","expired",76,"recycling","Newspaper bill establish anyone partner theory institution newspaper."
94,5,"cb02577d",4,"2024-04-08","expired",97,"recycling","Sit data position wrong actually loss foreign apply magazine turn then food her."
95,3,"bacd22d0",2,"2024-03-23","damaged",71,"recycling","Country about side stuff draw book."
96,26,"cb32fe55",2,"2023-12-27","expired",75,"landfill","Find couple finally community American so though game trip image hair several door."
97,23,"438a17ad",2,"2023-09-30","expired",4,"recycling","Leader too establish century firm improve note difficult good power information."
98,8,"bc289159",3,"2023-12-11","damaged",75,"landfill","Way business performance control character also building."
99,29,"fcdd6b5b",3,"2023-08-27","damaged",82,"recycling","Air trade safe every heavy believe design camera easy subject."
100,33,"1f98f323",1,"2023-06-12","expired",56,"landfill","Away rich add customer cell nor probably song challenge."
101,3,"befec887",1,"2023-05-19","damaged",96,"landfill","Head speech sport hour century each and part."
102,8,"5a467b59",5,"2024-03-19","expired",64,"recycling","Song notice news rock term her public care."
103,14,"5f16fbfd",2,"2024-03-06","damaged",51,"recycling","Land area where magazine economic drug company need population kind."
104,22,"dc94ee00",4,"2024-02-07","expired",70,"recycling","Less fish news still air top land meeting boy."
105,17,"2c3fe3d0",4,"2023-12-15","damaged",67,"recycling","News church word can plan go what arm common interest project point."
106,4,"100fe568",4,"2023-11-12","expired",27,"landfill","Shoulder money accept least key son dream sense picture cause among house return."
107,10,"47b773cb",5,"2023-11-17","damaged",20,"landfill","Especially number list answer yourself marriage he body become program stop collection sit."
108,15,"a87167b7",3,"2024-01-16","expired",7,"landfill","Full open lead indeed produce artist like special everybody."
109,26,"fd74fd9f",5,"2024-03-30","damaged",26,"landfill","Health discover best whatever single least image worker."
110,26,"add8a52b",2,"2023-06-04","expired",63,"landfill","Require region little huge speak miss."
111,22,"96e1210b",5,"2023-11-16","damaged",33,"landfill","Once school able try plan list mention."
112,31,"6da6709d",3,"2023-11-15","damaged",5,"recycling","Tough forward response nothing laugh social base product attack."
113,8,"e942a4c8",5,"2023-08-02","damaged",95,"landfill","Her thousand cause class admit west."
114,18,"03d34ac2",5,"2024-01-24","expired",17,"landfill","Pattern talk recently high audience guess environment case science."
115,21,"d7edd367",2,"2023-07-22","damaged",12,"recycling","Arm hear determine foot back figure beyond."
116,7,"2c3fe3d0",5,"2023-12-27","expired",90,"landfill","Candidate TV interview to military it any situation environment catch wish pull."
117,3,"baa86598",3,"2023-09-21","damaged",87,"recycling","Understand form manage generation happen use listen however leader."
118,6,"b42948e6",4,"2023-10-11","expired",10,"recycling","Star operation term generation small smile teacher early information rule customer provide natural."
119,3,"cc11f512",3,"2023-09-01","expired",44,"landfill","Gun example financial claim management young alone season fact free face."
120,25,"dcb0beaf",1,"2024-01-24","expired",46,"recycling","Operation avoid father city week reveal avoid."
121,2,"0cc7e6b5",1,"2024-01-06","expired",41,"landfill","Paper grow forward movement in kid change."
122,26,"74ea10de",4,"2024-03-31","expired",78,"recycling","Partner point deep each account sign board trouble believe capital most from officer three."
123,29,"fabd0e20",4,"2024-01-24","damaged",90,"landfill","Senior wrong develop fund option key but defense."
124,30,"cb019991",1,"2023-11-14","damaged",68,"recycling","Situation attorney find measure their outside improve."
125,7,"40d9fafc",4,"2024-02-22","expired",47,"recycling","Marriage Democrat certainly mother senior accept event claim on visit produce."
126,3,"582c53a0",5,"2023-09-30","damaged",83,"landfill","She understand prove address like citizen right ball."
127,28,"ae4ffafe",5,"2024-01-06","expired",32,"recycling","Really standard total strong choose by character hair leader past audience."
128,17,"f3f044f0",1,"2024-03-18","damaged",37,"recycling","Country beautiful image often coach office pressure position forget response model leg wind."
129,29,"f4392e28",2,"2023-12-25","damaged",89,"recycling","Participant sing return his sea town evidence magazine support go material bank enter."
130,31,"7aeffbaf",5,"2023-11-05","damaged",4,"recycling","Explain central four exist life wait radio occur."
131,15,"e09f714b",4,"2023-05-25","damaged",63,"recycling","First price provide animal answer evening color entire."
132,22,"e03cc6a9",4,"2023-06-28","damaged",79,"recycling","Here already discuss seem serve decide behind rest contain upon effort popular agreement dog."
133,26,"b97012a9",2,"2023-05-16","expired",82,"landfill","Since quality executive common these maybe by allow capital war participant baby."
134,1,"03bf416e",1,"2023-10-27","damaged",53,"landfill","Fear assume personal manager agent type mission."
135,30,"a8b16820",4,"2023-05-19","expired",96,"landfill","Matter fire three simply fast room nearly force year television."
136,33,"86459c29",5,"2023-08-25","damaged",87,"recycling","Really south point often condition year skin deep choose."
137,23,"763c2f51",3,"2024-01-15","expired",14,"landfill","Four far brother until section daughter remain seek miss only buy."
138,11,"9364142b",3,"2023-05-14","damaged",87,"landfill","Able citizen any task site former issue understand car reason."
139,1,"c7c67976",3,"2023-09-24","expired",43,"recycling","I television site again including prevent building expect real dark other relate."
140,9,"9e83c0b8",4,"2023-09-22","expired",39,"recycling","Picture receive bed account pay east blue toward memory agent everybody."
141,30,"e4505b4e",2,"2023-04-21","expired",12,"recycling","Eight newspaper pay I help rock whole kind toward past also case wear."
142,30,"5a467b59",4,"2023-08-22","damaged",44,"landfill","Push assume sea increase whether executive suffer law."
143,14,"34709a22",4,"2024-02-27","expired",53,"landfill","Adult politics between today minute process executive focus fall doctor."
144,20,"16f394ec",3,"2023-05-21","damaged",49,"landfill","Fire wrong right him individual field."
145,20,"6e831561",4,"2024-02-13","damaged",59,"landfill","Thought shake information though sort happen almost simply."
146,22,"d6c14774",2,"2024-03-12","damaged",51,"recycling","From marriage figure lawyer general treat."
147,23,"ed6ecfc3",1,"2023-10-25","expired",41,"landfill","Other medical contain star condition fine support."
148,8,"c32746b4",5,"2023-06-08","expired",52,"landfill","Pick support to natural anything have."
149,10,"73f0c59c",2,"2024-01-23","expired",98,"recycling","Floor recognize degree five common glass leave financial."
150,28,"c21b76c6",2,"2023-06-11","expired",81,"landfill","What street generation full small forward operation nearly quite."
151,7,"16418cb8",3,"2023-05-23","damaged",68,"landfill","Form pretty outside later ask attention kitchen exist door question."
152,16,"a037fb59",4,"2023-10-19","expired",99,"landfill","Green them air successful raise government product know group group."
153,14,"c9659829",1,"2023-09-19","expired",96,"recycling","Involve dinner exist effort manage company likely effort me."
154,28,"025b3d56",4,"2024-01-28","expired",78,"landfill","Group bag sometimes room actually remember able spring."
155,27,"6669c40f",4,"2023-09-17","expired",72,"recycling","Meeting we consider candidate left kitchen check ten."
156,19,"f05adf7c",3,"2023-09-19","damaged",78,"landfill","Third run address carry what big character project Democrat adult two within."
157,8,"b42948e6",4,"2023-09-18","damaged",69,"recycling","Everyone sort inside day choice write and dark out write story college."
158,20,"1f13fc43",4,"2023-05-19","damaged",6,"recycling","Trial size school society would number arm arm walk call possible."
159,16,"5d34b9dc",3,"2024-02-10","expired",4,"landfill","Traditional environmental machine join close learn red available."
160,25,"6d02a406",5,"2023-05-07","damaged",56,"landfill","Red standard professional establish no never charge."
161,22,"6f7032d4",3,"2023-10-28","expired",64,"recycling","Check center parent point away every moment man prevent reduce think station."
162,31,"ed6ecfc3",5,"2024-03-07","damaged",8,"landfill","Leader party husband office front place reduce activity rate smile minute."
163,8,"63fe2de2",5,"2023-11-02","damaged",17,"landfill","Husband ground group without ready in along."
164,26,"56b88351",3,"2023-07-01","expired",71,"recycling","Left hour new enjoy teach indicate heart."
165,23,"2e6f949f",4,"2023-08-12","expired",11,"landfill","Throw step cultural under record source start color worry fund."
166,25,"595aa054",5,"2023-12-20","expired",33,"landfill","Expert use test student fine range parent mean movement treat data."
167,8,"c32746b4",5,"2023-10-08","damaged",65,"landfill","Poor accept physical throughout during yet plan memory sometimes could thousand son movement."
168,11,"81db2617",3,"2023-05-17","damaged",80,"recycling","Thing yard control learn probably give open few space trip property include one."
169,25,"1a962d8c",5,"2023-08-30","expired",54,"landfill","Raise station ready big operation recent."
170,21,"7623a434",3,"2023-09-18","damaged",50,"landfill","Center interview occur stuff sing very."
171,8,"0f70cd93",5,"2023-06-01","expired",51,"landfill","Agent a sometimes story a treat month consumer red trouble without."
172,6,"04ad9ce9",4,"2023-08-17","damaged",12,"landfill","Because my face nor medical a grow dark goal return pressure."
173,26,"35a4c827",3,"2024-02-01","damaged",5,"recycling","Crime current something their everybody trade beyond black team Congress down."
174,6,"d670916e",4,"2023-10-30","damaged",58,"landfill","Step close number list include relationship music decision."
175,4,"f92eb2e7",4,"2023-08-06","expired",41,"landfill","Much within rise brother six include laugh view wide."
176,26,"ea08c218",3,"2023-08-21","expired",21,"landfill","Carry particularly second red American see you make soon late by."
177,25,"61048cd5",3,"2023-10-16","expired",18,"landfill","While election trade especially significant result home kid no environmental brother school."
178,20,"74f43e54",4,"2023-10-30","expired",76,"recycling","Staff woman hot realize walk training east stuff without."
179,29,"96e1210b",2,"2023-06-04","expired",79,"recycling","Although surface hundred position opportunity born wish shoulder car."
180,20,"396465e6",1,"2023-08-09","damaged",48,"landfill","Pull small citizen instead along out follow movement eight fire."
181,1,"08680974",3,"2023-05-11","damaged",100,"landfill","Bill tough city catch audience church operation."
182,2,"9374a3d9",2,"2023-09-14","expired",10,"recycling","Tell number live ball pressure bring question."
183,17,"0ecb4169",1,"2024-01-18","expired",85,"landfill","Because thing ability adult safe mean week."
184,5,"c55d6395",5,"2023-07-12","expired",82,"landfill","With administration over during reduce concern blood tend way watch life."
185,23,"1e420687",2,"2023-05-26","damaged",98,"landfill","History easy sometimes develop add deep picture nature."
186,25,"7aeffbaf",3,"2023-07-05","expired",84,"recycling","Size civil lead same teach hotel fish citizen democratic easy energy."
187,3,"4072198e",5,"2023-05-29","damaged",89,"recycling","Reality marriage edge future walk speech bill must society control similar."
188,6,"38d5ffd9",5,"2023-09-24","damaged",10,"landfill","Participant both local hard agent population significant car including everyone through number."
189,17,"03d34ac2",1,"2023-12-30","damaged",70,"landfill","Place meeting next probably discover increase require near."
190,28,"d7d297ba",2,"2023-07-22","damaged",36,"recycling","Despite water history kind adult face ground age recent wife mind."
191,8,"0e83efca",3,"2023-07-03","expired",11,"recycling","Sister of whose success amount cause bring."
192,15,"22b7672e",3,"2023-12-02","expired",60,"landfill","Civil well television hundred human beyond turn important table thank."
193,18,"ea1a9425",3,"2024-02-20","expired",82,"recycling","Form around for first early act into glass drop couple fish."
194,31,"b78eac59",3,"2024-01-18","expired",53,"recycling","Beyond hour someone item up seat meet many generation interview price everyone store usually."
195,19,"ccc81c43",1,"2023-10-27","damaged",100,"recycling","Place walk manager rest design possible scientist."
196,8,"474ed490",2,"2024-01-27","damaged",53,"landfill","Decide rise commercial source investment fish."
197,5,"44997484",3,"2023-12-08","expired",63,"landfill","Cold pressure call style out interest write would many throughout history expert capital sister."
198,7,"e3df84df",1,"2023-07-06","expired",39,"landfill","Capital firm car minute reflect century treat even this watch."
199,17,"9090a4f0",2,"2023-07-28","damaged",36,"recycling","Buy agency staff chair hot himself stop news scientist fact."
200,28,"5b9e8a36",1,"2024-04-18","expired",48,"recycling","Once hear tree weight bill along."
201,4,"c3514b1a",1,"2024-02-11","expired",29,"recycling","Risk purpose wonder development sign cell better however these."
202,25,"328449a2",5,"2023-12-09","damaged",50,"recycling","Memory present increase resource can boy senior practice station."
203,26,"ef26eb1e",5,"2023-12-13","expired",10,"recycling","Once foot nearly whatever gas sign."
204,3,"1613f43e",5,"2023-05-14","damaged",88,"recycling","His good success reveal arm his to reason food it affect field."
205,20,"6038a8d4",1,"2023-12-12","expired",19,"landfill","Type similar remain table toward open police poor since important material."
206,24,"175522b9",1,"2023-04-29","expired",57,"recycling","Build well sure character American receive."
207,16,"0ba97c8f",3,"2023-09-14","damaged",43,"recycling","Save money even detail product network opportunity crime century star parent."
208,7,"b103b0fd",3,"2024-02-17","damaged",79,"landfill","Rather speak such edge season lose dog lot mother group why."
209,8,"19297a26",5,"2024-03-06","expired",5,"landfill","Able board look four everybody summer ready rest teach raise."
210,3,"4f95da3c",3,"2024-02-12","expired",48,"recycling","Short model should trip season true property trouble hour policy light."
211,20,"5d34b9dc",5,"2023-05-13","damaged",49,"recycling","Effect recognize rich cover feel foreign take morning southern performance down."
212,25,"398ab164",3,"2023-05-22","expired",74,"landfill","Health still clear defense hundred foreign culture leave where partner particularly."
213,7,"4bc7edde",4,"2023-06-26","expired",98,"landfill","Movement market government say professional at mind history scientist people take."
214,10,"18677a6e",5,"2024-04-13","expired",32,"recycling","Management side morning land finish them central pretty knowledge capital executive."
215,4,"625ac9ad",2,"2023-09-04","damaged",59,"recycling","Brother last oil beautiful decade federal walk run type specific buy."
216,19,"70ce7c14",2,"2024-04-08","damaged",60,"landfill","Particular themselves center federal source year good wish there population most."
217,3,"f6a594e9",2,"2023-06-21","expired",19,"landfill","Possible between movement collection religious claim event bank look yet force good past."
218,2,"4b2a4152",1,"2024-02-22","expired",29,"landfill","Region instead lead choose focus where quality push analysis both citizen agency believe."
219,28,"9f763751",1,"2023-06-08","damaged",87,"landfill","His success help try people teach again ground stock."
220,23,"3226cd5a",5,"2024-01-14","expired",18,"recycling","Growth national air look raise special put reflect nice."
221,33,"f18d3673",2,"2024-02-01","damaged",43,"landfill","Talk ask major more professional truth physical major strong."
222,13,"af22756f",3,"2023-07-23","expired",69,"recycling","System certainly rule phone foot report quite than language job maybe natural social speak."
223,20,"91551138",4,"2023-11-25","expired",34,"landfill","Thought tell beautiful lot four learn from interview."
224,33,"f3f044f0",2,"2024-02-16","damaged",41,"landfill","Still market style try try population admit respond color food."
225,26,"e009f280",1,"2024-03-12","expired",64,"landfill","Forget town door certainly myself but behavior sort common government interesting best."
226,30,"2ede5fb6",4,"2023-11-07","expired",66,"recycling","Low challenge above much admit simple style charge often cell approach your."
227,8,"a1851638",5,"2024-01-09","damaged",78,"landfill","Story take visit work field usually cost couple marriage."
228,26,"69b4a956",4,"2023-12-16","expired",55,"recycling","Stop education quality arm point kind whom prevent cultural into many."
229,28,"5d05ae96",5,"2023-07-17","expired",94,"landfill","Only look bill mention item to cover skin hundred yard participant."
230,30,"ee624242",5,"2024-02-17","damaged",17,"landfill","Far better type myself east marriage to interview woman gas benefit wrong author."
231,11,"076682c8",5,"2023-04-25","damaged",57,"recycling","Mission include my soldier role act oil."
232,13,"bfdf4167",1,"2024-02-01","damaged",97,"recycling","Financial view management list body might back computer piece may wall without security."
233,19,"75d68018",4,"2023-09-09","expired",56,"landfill","Watch stay since painting draw school."
234,20,"69b4a956",2,"2024-01-07","expired",50,"recycling","Officer anyone seat appear role letter production allow right follow."
235,10,"16f394ec",5,"2023-05-07","damaged",47,"landfill","Ok stand successful citizen goal feeling result phone."
236,3,"670bb790",1,"2024-03-03","damaged",44,"landfill","Agreement throughout small together fill difference today."
237,1,"51b0a7bf",5,"2023-12-22","damaged",34,"recycling","Fact skill agreement they capital stay despite series claim."
238,25,"091a03fc",4,"2023-11-24","damaged",9,"recycling","Meet Democrat specific technology vote expect wait finish various open."
239,2,"7a4acc2b",3,"2023-10-14","damaged",23,"landfill","Try pick prevent thank cover seat world wind wear wall use."
240,8,"0f364c64",1,"2023-08-09","expired",96,"recycling","Again prevent world either when nearly process include."
241,21,"91551138",1,"2024-03-10","expired",70,"landfill","Fall as left soldier serious indicate seat reason."
242,24,"f4e97a7f",3,"2023-07-02","damaged",8,"recycling","Gas along community light bit make manager away poor their much they environment."
243,1,"a95af437",4,"2023-07-19","expired",21,"recycling","Do present range return foot direction energy whatever grow."
244,6,"ca65521a",5,"2023-08-16","damaged",68,"landfill","Film technology situation put upon pressure individual game perform off deep however four."
245,30,"58177bcc",4,"2023-06-16","expired",27,"recycling","Agent ever action agency despite whom late relationship specific easy."
246,30,"243fb6d2",3,"2024-02-14","damaged",74,"landfill","Door actually small figure financial mission do present very challenge move require."
247,11,"d5240512",1,"2023-12-06","damaged",100,"landfill","Shoulder draw about population reason serious something clearly example value rule my card."
248,20,"21124989",3,"2023-10-30","damaged",74,"landfill","Make collection whom party find school red enter."
249,23,"20afa768",5,"2023-11-29","expired",87,"recycling","Student eye writer standard major hard interest admit hair sea president ten."
250,28,"69fce4a1",3,"2024-04-05","damaged",75,"landfill","Record training condition sister because about market game address large then lead."
251,30,"add8a52b",1,"2023-09-04","damaged",30,"landfill","We us arrive all report company party arrive available."
252,13,"eaed0eb2",2,"2023-11-16","expired",34,"landfill","Nor just walk easy air information."
253,3,"eaed0eb2",1,"2023-07-26","damaged",95,"recycling","Coach feel family floor job lead simple growth theory actually room tax from."
254,22,"715eab38",3,"2023-10-09","expired",51,"landfill","Agent everybody west but believe tree own."
255,21,"7623a434",4,"2023-06-09","expired",55,"recycling","American film care PM others responsibility government turn society development."
256,32,"4a14e84a",4,"2023-05-02","expired",87,"recycling","Single own or south follow practice nature money fast not type."
257,10,"3c39979c",2,"2023-11-26","expired",41,"recycling","Dog too race design item without candidate her know word send public."
258,28,"1bb82878",3,"2023-09-22","expired",33,"landfill","Whatever card of decide wrong at."
259,27,"fa651cbe",3,"2024-01-19","damaged",94,"landfill","Data record myself drug rule across fire citizen adult writer size represent."
260,28,"1c5f4afa",1,"2023-08-27","damaged",25,"recycling","Lawyer defense oil across student particular check if evidence black ever."
261,8,"5a8f67b2",4,"2023-12-18","expired",6,"recycling","Gun somebody turn some affect experience approach account top."
262,10,"9a2ca35d",2,"2023-09-14","damaged",63,"landfill","Final bit speak participant big your knowledge artist decade store true let."
263,5,"6da6709d",2,"2024-03-08","damaged",67,"recycling","Possible senior operation bar color example."
264,24,"a4aaf79f",5,"2023-10-16","expired",55,"landfill","Ago lawyer book science beat organization old total."
265,19,"bc56b116",5,"2024-02-25","damaged",30,"landfill","Door easy important among attack true morning popular sometimes half data."
266,21,"9bb5131b",4,"2024-03-12","damaged",79,"recycling","Shoulder performance player during physical part must act machine third."
267,3,"d5a42ffd",1,"2023-08-06","expired",6,"landfill","Sell direction reality no lose how after choice move event late past."
268,13,"60a1334d",4,"2023-07-11","expired",37,"recycling","Particularly know where TV family computer southern affect."
269,24,"35a4c827",4,"2023-06-30","damaged",24,"recycling","Focus run early increase remain economic success."
270,12,"f368a212",1,"2024-01-23","damaged",1,"landfill","Economic second read season bill north by security admit management drop pay page."
271,2,"111c428d",2,"2023-06-27","damaged",33,"landfill","Everything during computer business suggest hold hard together once make."
272,9,"0c02e6e7",5,"2024-01-12","damaged",65,"landfill","Enter order activity measure stop class officer."
273,12,"f6a99746",1,"2024-04-12","expired",50,"recycling","Office sell give action bag food name meeting ahead require up against mention method."
274,13,"41066ff9",5,"2024-04-12","damaged",9,"landfill","Figure newspaper candidate happy project senior."
275,30,"fcb0d6e1",2,"2023-05-19","damaged",46,"landfill","Who recently research throughout detail really."
276,20,"00f33e82",1,"2023-09-27","damaged",20,"landfill","Teach force town either speak understand."
277,26,"1e077fd1",5,"2024-01-04","expired",85,"recycling","Fill occur hot charge decision two left safe huge present."
278,2,"fcdd6b5b",5,"2023-12-01","damaged",44,"recycling","Discussion rather kid among college time who."
279,33,"c8dacd1e",4,"2024-02-08","expired",77,"recycling","Teach show significant mean manager expect good as edge."
280,17,"86459c29",1,"2023-06-09","expired",100,"recycling","Person individual after require measure use simply."
281,32,"507c6f4d",2,"2024-03-10","damaged",96,"landfill","Environmental interesting fly system range mind available course couple raise."
282,26,"0528049d",3,"2024-01-05","damaged",67,"landfill","Degree certainly probably game put themselves section television base social government education."
283,3,"85fac856",2,"2023-06-29","expired",11,"recycling","Think arrive able include news effect."
284,9,"ea6ae037",2,"2024-02-07","damaged",85,"landfill","Spend training blood view TV many them."
285,6,"74d815dc",4,"2023-09-17","expired",83,"recycling","Artist camera growth serve ever yeah accept guess how."
286,13,"69383531",4,"2023-08-20","damaged",56,"recycling","Sure fine surface official almost mention window adult."
287,5,"009b27b0",2,"2024-02-16","damaged",88,"recycling","Ask call star middle course personal onto various high voice guy decade."
288,26,"2ede5fb6",1,"2023-11-12","damaged",79,"recycling","Officer mouth quickly end catch coach animal Republican with."
289,5,"38c101b5",1,"2024-01-31","damaged",70,"landfill","Morning position page imagine door top black social reach wrong fine."
290,8,"c585117f",1,"2023-12-11","damaged",60,"recycling","Cup sit toward go place ground near available unit close."
291,6,"f28436ac",4,"2024-01-06","expired",85,"landfill","Hear door whom law probably vote book but alone some early world recently."
292,6,"2bdaa703",4,"2023-11-16","damaged",47,"recycling","Amount they skill expert attorney perform more customer."
293,12,"2550dabc",5,"2023-09-23","damaged",63,"landfill","Also arm specific if what data all gas value choice first."
294,28,"ae8dd5ab",5,"2024-02-05","expired",30,"recycling","Hard wish design his actually mouth."
295,14,"f7675db3",5,"2024-02-08","damaged",7,"landfill","Situation seek report building two watch data brother yet mission surface call evening."
296,4,"416f941a",4,"2023-05-25","expired",23,"landfill","Poor pattern middle organization son sell human realize left last."
297,25,"f1435ece",2,"2023-12-08","damaged",70,"recycling","Among people sound require top agent nature experience compare."
298,16,"f966dca9",1,"2023-09-23","expired",9,"landfill","Law worry include difference out fight raise suffer rest perhaps."
299,5,"edecb00d",4,"2024-03-30","expired",53,"recycling","Recently knowledge trial next officer return."
300,26,"118797df",4,"2023-09-03","expired",74,"recycling","Finally option sort white perform usually hundred find become just Republican."
