"zone_id","zone_name","store_id"
1,"produce",1
2,"dairy and eggs",1
3,"meat and seafood",1
4,"frozen foods",1
5,"dry foods",1
6,"delicatessen",1
7,"bakery",1
8,"beverages",1
9,"health and beauty",1
10,"checkout",1
11,"produce",2
12,"dairy and eggs",2
13,"meat and seafood",2
14,"frozen foods",2
15,"dry foods",2
16,"delicatessen",2
17,"bakery",2
18,"beverages",2
19,"health and beauty",2
20,"checkout",2
21,"produce",3
22,"dairy and eggs",3
23,"meat and seafood",3
24,"frozen foods",3
25,"dry foods",3
26,"delicatessen",3
27,"bakery",3
28,"beverages",3
29,"health and beauty",3
30,"checkout",3
31,"produce",4
32,"dairy and eggs",4
33,"meat and seafood",4
34,"frozen foods",4
35,"dry foods",4
36,"delicatessen",4
37,"bakery",4
38,"beverages",4
39,"health and beauty",4
40,"checkout",4
41,"produce",5
42,"dairy and eggs",5
43,"meat and seafood",5
44,"frozen foods",5
45,"dry foods",5
46,"delicatessen",5
47,"bakery",5
48,"beverages",5
49,"health and beauty",5
50,"checkout",5
